﻿<CustomerVehicles>
  <CustomerVehicle>
    <Customer>
      <CustomerInfoType>Customer</CustomerInfoType>
      <DMSCustomerNo>14430</DMSCustomerNo>
      <LastName>LEGALL</LastName>
      <MiddleName/>
      <FirstName>CHERYL</FirstName>
      <FullName>CHERYL LEGALL</FullName>
      <Salutation>Mr</Salutation>
      <Gender>M</Gender>
      <CardNo>77190</CardNo>
      <Email>CHERYLLEGALL@wa.com</Email>
      <Addresses>
        <Address>
          <AddressType>Home</AddressType>
          <Address1>10, Testovskaya str.</Address1>
          <Address2>10, Testovskaya str., Moscow, 123317, Russia</Address2>
          <City>Moscow</City>
          <State>Moscow</State>
          <Country>Russia</Country>
          <ZipCode>123317</ZipCode>
        </Address>
      </Addresses>
      <Contacts>
        <Contact>
          <ContactType>BP</ContactType>
          <ContactValue>+7(495)-144-14-30</ContactValue>
          <ContactMethodYN>N</ContactMethodYN>
        </Contact>
      </Contacts>
      <SpecialMessage>
        <Message/>
      </SpecialMessage>
      <CorporateInfos/>
    </Customer>
    <Vehicle>
      <DMSVehicleNo>6</DMSVehicleNo>
      <VIN>5NPET46F68H338954</VIN>
      <LastSixVIN>338954</LastSixVIN>
      <StockNumber>N8956</StockNumber>
      <LicensePlateNo>NO8956</LicensePlateNo>
      <Make>HYUNDAI</Make>
      <ModelCode/>
      <ModelName>SONATA</ModelName>
      <ModelYear>2008</ModelYear>
      <LastMileage>42695</LastMileage>
      <Color>ARCTIC SILVER</Color>
      <VehicleType>UNKNOWN</VehicleType>
      <EngineType>2.5L I4 FI DO</EngineType>
      <FuelType>Gas</FuelType>
      <Cylinders/>
      <Trim/>
      <FullModelName>SONATA</FullModelName>
      <InsuranceDate>0001-01-01T00:00:00</InsuranceDate>
      <DateInService>2008-03-15T04:00:00</DateInService>
      <DateDelivered>0001-01-01T00:00:00</DateDelivered>
      <WarrantyStartDate>0001-01-01T00:00:00</WarrantyStartDate>
      <WarrantyMonths/>
      <WarrantyMiles/>
      <LicenseNumber/>
      <LastServiceDate>0001-01-01T00:00:00</LastServiceDate>
      <ExtendedWarranty>0001-01-01T00:00:00</ExtendedWarranty>
      <DeclinedJob/>
      <PendingJob/>
      <DisplayDescription/>
      <ExtendedWarrantyexpiredate>2008-10-28T04:00:00</ExtendedWarrantyexpiredate>
      <EngineNo>51561</EngineNo>
      <Campaigns>
        <Campaign>
          <CampaignID>1</CampaignID>
          <CampaignDescription>Test Campaign #1</CampaignDescription>
          <CampaignPerformed>Not Performed</CampaignPerformed>
        </Campaign>
      </Campaigns>
    </Vehicle>
  </CustomerVehicle>
  <CustomerVehicle>
    <Customer>
      <CustomerInfoType>Customer</CustomerInfoType>
      <DMSCustomerNo>17342</DMSCustomerNo>
      <LastName>GOON</LastName>
      <MiddleName/>
      <FirstName>SHIU TING</FirstName>
      <FullName>SHIU TING GOON</FullName>
      <Salutation>Mr</Salutation>
      <Gender>M</Gender>
      <CardNo>80102</CardNo>
      <Email>SHIUTINGGOON@wa.com</Email>
      <Addresses>
        <Address>
          <AddressType>Home</AddressType>
          <Address1>10, Testovskaya str.</Address1>
          <Address2>10, Testovskaya str., Moscow, 123317, Russia</Address2>
          <City>Moscow</City>
          <State>Moscow</State>
          <Country>Russia</Country>
          <ZipCode>123317</ZipCode>
        </Address>
      </Addresses>
      <Contacts>
        <Contact>
          <ContactType>BP</ContactType>
          <ContactValue>+7(495)-173-17-42</ContactValue>
          <ContactMethodYN>N</ContactMethodYN>
        </Contact>
      </Contacts>
      <SpecialMessage>
        <Message/>
      </SpecialMessage>
      <CorporateInfos/>
    </Customer>
    <Vehicle>
      <DMSVehicleNo>23</DMSVehicleNo>
      <VIN>5NPET46C09H526067</VIN>
      <LastSixVIN>526067</LastSixVIN>
      <StockNumber>N07063</StockNumber>
      <LicensePlateNo>NO7063</LicensePlateNo>
      <Make>HYUNDAI</Make>
      <ModelCode/>
      <ModelName>SONATA</ModelName>
      <ModelYear>2009</ModelYear>
      <LastMileage>27</LastMileage>
      <Color>GREY</Color>
      <VehicleType>Car</VehicleType>
      <EngineType>2.5L I4 FI DO</EngineType>
      <FuelType>Gas</FuelType>
      <Cylinders/>
      <Trim/>
      <FullModelName>SONATA</FullModelName>
      <InsuranceDate>0001-01-01T00:00:00</InsuranceDate>
      <DateInService>2008-10-28T04:00:00</DateInService>
      <DateDelivered>0001-01-01T00:00:00</DateDelivered>
      <WarrantyStartDate>0001-01-01T00:00:00</WarrantyStartDate>
      <WarrantyMonths/>
      <WarrantyMiles/>
      <LicenseNumber/>
      <LastServiceDate>0001-01-01T00:00:00</LastServiceDate>
      <ExtendedWarranty>0001-01-01T00:00:00</ExtendedWarranty>
      <DeclinedJob/>
      <PendingJob/>
      <DisplayDescription/>
      <ExtendedWarrantyexpiredate>2008-10-28T04:00:00</ExtendedWarrantyexpiredate>
      <EngineNo>51561</EngineNo>
      <Campaigns>
        <Campaign>
          <CampaignID>2</CampaignID>
          <CampaignDescription>Test Campaign #2</CampaignDescription>
          <CampaignPerformed>Not Performed</CampaignPerformed>
        </Campaign>
        <Campaign>
          <CampaignID>2</CampaignID>
          <CampaignDescription>Test Campaign #2</CampaignDescription>
          <CampaignPerformed>Not Performed</CampaignPerformed>
        </Campaign>
      </Campaigns>
    </Vehicle>
  </CustomerVehicle>
  <CustomerVehicle>
    <Customer>
      <CustomerInfoType>Customer</CustomerInfoType>
      <DMSCustomerNo>17345</DMSCustomerNo>
      <LastName>THREE STAR AUTO</LastName>
      <MiddleName/>
      <FirstName/>
      <FullName>THREE STAR AUTO</FullName>
      <Salutation>Mr</Salutation>
      <Gender>M</Gender>
      <CardNo>80105</CardNo>
      <Email>THREESTARAUTO@wa.com</Email>
      <Addresses>
        <Address>
          <AddressType>Home</AddressType>
          <Address1>10, Testovskaya str.</Address1>
          <Address2>10, Testovskaya str., Moscow, 123317, Russia</Address2>
          <City>Moscow</City>
          <State>Moscow</State>
          <Country>Russia</Country>
          <ZipCode>123317</ZipCode>
        </Address>
      </Addresses>
      <Contacts/>
      <SpecialMessage>
        <Message/>
      </SpecialMessage>
      <CorporateInfos/>
    </Customer>
    <Vehicle>
      <DMSVehicleNo>75</DMSVehicleNo>
      <VIN>KM8JTCAC7BU201729</VIN>
      <LastSixVIN>201729</LastSixVIN>
      <StockNumber>N09716</StockNumber>
      <LicensePlateNo>NO9716</LicensePlateNo>
      <Make>HYUNDAI</Make>
      <ModelCode>11 TUCGL4</ModelCode>
      <ModelName>TUCSON</ModelName>
      <ModelYear>2011</ModelYear>
      <LastMileage>27</LastMileage>
      <Color>BLACK</Color>
      <VehicleType>SUV</VehicleType>
      <EngineType>1.8L I4 FI DO</EngineType>
      <FuelType>Gas</FuelType>
      <Cylinders/>
      <Trim/>
      <FullModelName>TUCSON</FullModelName>
      <InsuranceDate>0001-01-01T00:00:00</InsuranceDate>
      <DateInService>2010-12-28T05:00:00</DateInService>
      <DateDelivered>0001-01-01T00:00:00</DateDelivered>
      <WarrantyStartDate>0001-01-01T00:00:00</WarrantyStartDate>
      <WarrantyMonths/>
      <WarrantyMiles/>
      <LicenseNumber/>
      <LastServiceDate>0001-01-01T00:00:00</LastServiceDate>
      <ExtendedWarranty>0001-01-01T00:00:00</ExtendedWarranty>
      <DeclinedJob/>
      <PendingJob/>
      <DisplayDescription/>
      <ExtendedWarrantyexpiredate>2008-10-28T04:00:00</ExtendedWarrantyexpiredate>
      <EngineNo>51561</EngineNo>
      <Campaigns>
        <Campaign>
          <CampaignID>2</CampaignID>
          <CampaignDescription>Test Campaign #2</CampaignDescription>
          <CampaignPerformed>Not Performed</CampaignPerformed>
        </Campaign>
        <Campaign>
          <CampaignID>2</CampaignID>
          <CampaignDescription>Test Campaign #2</CampaignDescription>
          <CampaignPerformed>Not Performed</CampaignPerformed>
        </Campaign>
      </Campaigns>
    </Vehicle>
  </CustomerVehicle>
  <CustomerVehicle>
    <Customer>
      <CustomerInfoType>Customer</CustomerInfoType>
      <DMSCustomerNo>17549</DMSCustomerNo>
      <LastName>NO PHONE # KATZ</LastName>
      <MiddleName/>
      <FirstName>DANI</FirstName>
      <FullName>DANI NO PHONE # KATZ</FullName>
      <Salutation>Mr</Salutation>
      <Gender>M</Gender>
      <CardNo>80309</CardNo>
      <Email>DANINOPHONE#KATZ@wa.com</Email>
      <Addresses>
        <Address>
          <AddressType>Home</AddressType>
          <Address1>10, Testovskaya str.</Address1>
          <Address2>10, Testovskaya str., Moscow, 123317, Russia</Address2>
          <City>Moscow</City>
          <State>Moscow</State>
          <Country>Russia</Country>
          <ZipCode>123317</ZipCode>
        </Address>
      </Addresses>
      <Contacts>
        <Contact>
          <ContactType>BP</ContactType>
          <ContactValue>+7(495)-175-17-49</ContactValue>
          <ContactMethodYN>N</ContactMethodYN>
        </Contact>
      </Contacts>
      <SpecialMessage>
        <Message>NO PHONE # KATZ is important</Message>
      </SpecialMessage>
      <CorporateInfos/>
    </Customer>
    <Vehicle>
      <DMSVehicleNo>312</DMSVehicleNo>
      <VIN>KM8JTCAF2EU823590</VIN>
      <LastSixVIN>823590</LastSixVIN>
      <StockNumber>N13810</StockNumber>
      <LicensePlateNo>NO3810</LicensePlateNo>
      <Make>HYUNDAI</Make>
      <ModelCode>TU2SAA20BB00</ModelCode>
      <ModelName>TUCSON</ModelName>
      <ModelYear>2014</ModelYear>
      <LastMileage>0</LastMileage>
      <Color>BLACK</Color>
      <VehicleType>SUV</VehicleType>
      <EngineType>1.8L I4 FI DO</EngineType>
      <FuelType>Gas</FuelType>
      <Cylinders/>
      <Trim/>
      <FullModelName>TUCSON</FullModelName>
      <InsuranceDate>0001-01-01T00:00:00</InsuranceDate>
      <DateInService>2013-12-18T05:00:00</DateInService>
      <DateDelivered>0001-01-01T00:00:00</DateDelivered>
      <WarrantyStartDate>0001-01-01T00:00:00</WarrantyStartDate>
      <WarrantyMonths/>
      <WarrantyMiles/>
      <LicenseNumber/>
      <LastServiceDate>0001-01-01T00:00:00</LastServiceDate>
      <ExtendedWarranty>0001-01-01T00:00:00</ExtendedWarranty>
      <DeclinedJob/>
      <PendingJob/>
      <DisplayDescription/>
      <ExtendedWarrantyexpiredate>2008-10-28T04:00:00</ExtendedWarrantyexpiredate>
      <EngineNo>51561</EngineNo>
      <Campaigns/>
    </Vehicle>
  </CustomerVehicle>
  <CustomerVehicle>
    <Customer>
      <CustomerInfoType>Customer</CustomerInfoType>
      <DMSCustomerNo>17944</DMSCustomerNo>
      <LastName>FEDERICI</LastName>
      <MiddleName/>
      <FirstName>JUAN</FirstName>
      <FullName>JUAN FEDERICI</FullName>
      <Salutation>Mr</Salutation>
      <Gender>M</Gender>
      <CardNo>80704</CardNo>
      <Email>JUANFEDERICI@wa.com</Email>
      <Addresses>
        <Address>
          <AddressType>Home</AddressType>
          <Address1>10, Testovskaya str.</Address1>
          <Address2>10, Testovskaya str., Moscow, 123317, Russia</Address2>
          <City>Moscow</City>
          <State>Moscow</State>
          <Country>Russia</Country>
          <ZipCode>123317</ZipCode>
        </Address>
      </Addresses>
      <Contacts/>
      <SpecialMessage>
        <Message/>
      </SpecialMessage>
      <CorporateInfos/>
    </Customer>
    <Vehicle>
      <DMSVehicleNo>351</DMSVehicleNo>
      <VIN>KM8JM12DX7U672936</VIN>
      <LastSixVIN>672936</LastSixVIN>
      <StockNumber>N8623</StockNumber>
      <LicensePlateNo>"VIVA"</LicensePlateNo>
      <Make>HYUNDAI</Make>
      <ModelCode/>
      <ModelName>TUCSON</ModelName>
      <ModelYear>2007</ModelYear>
      <LastMileage>162750</LastMileage>
      <Color>ARCTIC SILVER</Color>
      <VehicleType>SUV</VehicleType>
      <EngineType>1.8L I4 FI DO</EngineType>
      <FuelType>Gas</FuelType>
      <Cylinders/>
      <Trim/>
      <FullModelName>TUCSON</FullModelName>
      <InsuranceDate>0001-01-01T00:00:00</InsuranceDate>
      <DateInService>0001-01-01T00:00:00</DateInService>
      <DateDelivered>0001-01-01T00:00:00</DateDelivered>
      <WarrantyStartDate>0001-01-01T00:00:00</WarrantyStartDate>
      <WarrantyMonths/>
      <WarrantyMiles/>
      <LicenseNumber/>
      <LastServiceDate>0001-01-01T00:00:00</LastServiceDate>
      <ExtendedWarranty>0001-01-01T00:00:00</ExtendedWarranty>
      <DeclinedJob/>
      <PendingJob/>
      <DisplayDescription/>
      <ExtendedWarrantyexpiredate>2008-10-28T04:00:00</ExtendedWarrantyexpiredate>
      <EngineNo>51561</EngineNo>
      <Campaigns/>
    </Vehicle>
  </CustomerVehicle>
  <CustomerVehicle>
    <Customer>
      <CustomerInfoType>Customer</CustomerInfoType>
      <DMSCustomerNo>18440</DMSCustomerNo>
      <LastName>REID</LastName>
      <MiddleName/>
      <FirstName>ANGELA</FirstName>
      <FullName>ANGELA REID</FullName>
      <Salutation>Mr</Salutation>
      <Gender>M</Gender>
      <CardNo>81200</CardNo>
      <Email>ANGELAREID@wa.com</Email>
      <Addresses>
        <Address>
          <AddressType>Home</AddressType>
          <Address1>10, Testovskaya str.</Address1>
          <Address2>10, Testovskaya str., Moscow, 123317, Russia</Address2>
          <City>Moscow</City>
          <State>Moscow</State>
          <Country>Russia</Country>
          <ZipCode>123317</ZipCode>
        </Address>
      </Addresses>
      <Contacts>
        <Contact>
          <ContactType>CP</ContactType>
          <ContactValue>+7(617)-184-18-40</ContactValue>
          <ContactMethodYN>N</ContactMethodYN>
        </Contact>
        <Contact>
          <ContactType>BP</ContactType>
          <ContactValue>+7(495)-184-18-40</ContactValue>
          <ContactMethodYN>N</ContactMethodYN>
        </Contact>
      </Contacts>
      <SpecialMessage>
        <Message/>
      </SpecialMessage>
      <CorporateInfos/>
    </Customer>
    <Vehicle>
      <DMSVehicleNo>355</DMSVehicleNo>
      <VIN>KMHEC4A47BA000446</VIN>
      <LastSixVIN>000446</LastSixVIN>
      <StockNumber>N10290</StockNumber>
      <LicensePlateNo>NO0290</LicensePlateNo>
      <Make>HYUNDAI</Make>
      <ModelCode>11 SONHEP</ModelCode>
      <ModelName>SONATA</ModelName>
      <ModelYear>2011</ModelYear>
      <LastMileage>14</LastMileage>
      <Color>GREY</Color>
      <VehicleType>Car</VehicleType>
      <EngineType>2.5L I4 FI DO</EngineType>
      <FuelType>Gas</FuelType>
      <Cylinders/>
      <Trim/>
      <FullModelName>SONATA</FullModelName>
      <InsuranceDate>0001-01-01T00:00:00</InsuranceDate>
      <DateInService>2011-07-13T04:00:00</DateInService>
      <DateDelivered>0001-01-01T00:00:00</DateDelivered>
      <WarrantyStartDate>0001-01-01T00:00:00</WarrantyStartDate>
      <WarrantyMonths/>
      <WarrantyMiles/>
      <LicenseNumber/>
      <LastServiceDate>0001-01-01T00:00:00</LastServiceDate>
      <ExtendedWarranty>0001-01-01T00:00:00</ExtendedWarranty>
      <DeclinedJob/>
      <PendingJob/>
      <DisplayDescription/>
      <ExtendedWarrantyexpiredate>2008-10-28T04:00:00</ExtendedWarrantyexpiredate>
      <EngineNo>51561</EngineNo>
      <Campaigns/>
    </Vehicle>
  </CustomerVehicle>
  <CustomerVehicle>
    <Customer>
      <CustomerInfoType>Customer</CustomerInfoType>
      <DMSCustomerNo>18546</DMSCustomerNo>
      <LastName>FIRST P.L. HOLDINGS</LastName>
      <MiddleName/>
      <FirstName/>
      <FullName>FIRST P.L. HOLDINGS</FullName>
      <Salutation>Mr</Salutation>
      <Gender>M</Gender>
      <CardNo>81306</CardNo>
      <Email>FIRSTP.L.HOLDINGS@wa.com</Email>
      <Addresses>
        <Address>
          <AddressType>Home</AddressType>
          <Address1>10, Testovskaya str.</Address1>
          <Address2>10, Testovskaya str., Moscow, 123317, Russia</Address2>
          <City>Moscow</City>
          <State>Moscow</State>
          <Country>Russia</Country>
          <ZipCode>123317</ZipCode>
        </Address>
      </Addresses>
      <Contacts>
        <Contact>
          <ContactType>CP</ContactType>
          <ContactValue>+7(617)-185-18-46</ContactValue>
          <ContactMethodYN>N</ContactMethodYN>
        </Contact>
      </Contacts>
      <SpecialMessage>
        <Message/>
      </SpecialMessage>
      <CorporateInfos/>
    </Customer>
    <Vehicle>
      <DMSVehicleNo>357</DMSVehicleNo>
      <VIN>KM8JUCAG2EU835227</VIN>
      <LastSixVIN>835227</LastSixVIN>
      <StockNumber>N13844</StockNumber>
      <LicensePlateNo>NO3844</LicensePlateNo>
      <Make>HYUNDAI</Make>
      <ModelCode>TU2SAA24BC00</ModelCode>
      <ModelName>TUCSON</ModelName>
      <ModelYear>2014</ModelYear>
      <LastMileage>7</LastMileage>
      <Color>BLACK</Color>
      <VehicleType>SUV</VehicleType>
      <EngineType>1.8L I4 FI DO</EngineType>
      <FuelType>Gas</FuelType>
      <Cylinders/>
      <Trim/>
      <FullModelName>TUCSON</FullModelName>
      <InsuranceDate>0001-01-01T00:00:00</InsuranceDate>
      <DateInService>2014-02-19T05:00:00</DateInService>
      <DateDelivered>0001-01-01T00:00:00</DateDelivered>
      <WarrantyStartDate>0001-01-01T00:00:00</WarrantyStartDate>
      <WarrantyMonths/>
      <WarrantyMiles/>
      <LicenseNumber/>
      <LastServiceDate>0001-01-01T00:00:00</LastServiceDate>
      <ExtendedWarranty>0001-01-01T00:00:00</ExtendedWarranty>
      <DeclinedJob/>
      <PendingJob/>
      <DisplayDescription/>
      <ExtendedWarrantyexpiredate>2008-10-28T04:00:00</ExtendedWarrantyexpiredate>
      <EngineNo>51561</EngineNo>
      <Campaigns/>
    </Vehicle>
  </CustomerVehicle>
  <CustomerVehicle>
    <Customer>
      <CustomerInfoType>Customer</CustomerInfoType>
      <DMSCustomerNo>18655</DMSCustomerNo>
      <LastName>ANDREACCHI</LastName>
      <MiddleName/>
      <FirstName>PIETRO</FirstName>
      <FullName>PIETRO ANDREACCHI</FullName>
      <Salutation>Mr</Salutation>
      <Gender>M</Gender>
      <CardNo>81415</CardNo>
      <Email>PIETROANDREACCHI@wa.com</Email>
      <Addresses>
        <Address>
          <AddressType>Home</AddressType>
          <Address1>10, Testovskaya str.</Address1>
          <Address2>10, Testovskaya str., Moscow, 123317, Russia</Address2>
          <City>Moscow</City>
          <State>Moscow</State>
          <Country>Russia</Country>
          <ZipCode>123317</ZipCode>
        </Address>
      </Addresses>
      <Contacts>
        <Contact>
          <ContactType>CP</ContactType>
          <ContactValue>+7(617)-186-18-55</ContactValue>
          <ContactMethodYN>N</ContactMethodYN>
        </Contact>
      </Contacts>
      <SpecialMessage>
        <Message/>
      </SpecialMessage>
      <CorporateInfos/>
    </Customer>
    <Vehicle>
      <DMSVehicleNo>369</DMSVehicleNo>
      <VIN>5NPEC4ABXEH861345</VIN>
      <LastSixVIN>861345</LastSixVIN>
      <StockNumber>N15232</StockNumber>
      <LicensePlateNo>NO5232</LicensePlateNo>
      <Make>HYUNDAI</Make>
      <ModelCode/>
      <ModelName>SONATA</ModelName>
      <ModelYear>2014</ModelYear>
      <LastMileage>21</LastMileage>
      <Color>BLACK</Color>
      <VehicleType>UNKNOWN</VehicleType>
      <EngineType>2.5L I4 FI DO</EngineType>
      <FuelType>Gas</FuelType>
      <Cylinders/>
      <Trim/>
      <FullModelName>SONATA</FullModelName>
      <InsuranceDate>0001-01-01T00:00:00</InsuranceDate>
      <DateInService>2014-02-03T05:00:00</DateInService>
      <DateDelivered>0001-01-01T00:00:00</DateDelivered>
      <WarrantyStartDate>0001-01-01T00:00:00</WarrantyStartDate>
      <WarrantyMonths/>
      <WarrantyMiles/>
      <LicenseNumber/>
      <LastServiceDate>0001-01-01T00:00:00</LastServiceDate>
      <ExtendedWarranty>0001-01-01T00:00:00</ExtendedWarranty>
      <DeclinedJob/>
      <PendingJob/>
      <DisplayDescription/>
      <ExtendedWarrantyexpiredate>2008-10-28T04:00:00</ExtendedWarrantyexpiredate>
      <EngineNo>51561</EngineNo>
      <Campaigns/>
    </Vehicle>
  </CustomerVehicle>
  <CustomerVehicle>
    <Customer>
      <CustomerInfoType>Customer</CustomerInfoType>
      <DMSCustomerNo>18667</DMSCustomerNo>
      <LastName>VIEIRA</LastName>
      <MiddleName/>
      <FirstName>TONY</FirstName>
      <FullName>TONY VIEIRA</FullName>
      <Salutation>Mr</Salutation>
      <Gender>M</Gender>
      <CardNo>81427</CardNo>
      <Email>TONYVIEIRA@wa.com</Email>
      <Addresses>
        <Address>
          <AddressType>Home</AddressType>
          <Address1>10, Testovskaya str.</Address1>
          <Address2>10, Testovskaya str., Moscow, 123317, Russia</Address2>
          <City>Moscow</City>
          <State>Moscow</State>
          <Country>Russia</Country>
          <ZipCode>123317</ZipCode>
        </Address>
      </Addresses>
      <Contacts>
        <Contact>
          <ContactType>CP</ContactType>
          <ContactValue>+7(617)-186-18-67</ContactValue>
          <ContactMethodYN>N</ContactMethodYN>
        </Contact>
      </Contacts>
      <SpecialMessage>
        <Message/>
      </SpecialMessage>
      <CorporateInfos/>
    </Customer>
    <Vehicle>
      <DMSVehicleNo>419</DMSVehicleNo>
      <VIN>2HMBF31S5KB004764</VIN>
      <LastSixVIN>004764</LastSixVIN>
      <StockNumber>U2102</StockNumber>
      <LicensePlateNo>DEALER</LicensePlateNo>
      <Make>HYUNDAI</Make>
      <ModelCode/>
      <ModelName>SONATA</ModelName>
      <ModelYear>1989</ModelYear>
      <LastMileage>192046</LastMileage>
      <Color>ARCTIC SILVER</Color>
      <VehicleType>UNKNOWN</VehicleType>
      <EngineType>2.5L I4 FI DO</EngineType>
      <FuelType>Gas</FuelType>
      <Cylinders/>
      <Trim/>
      <FullModelName>SONATA</FullModelName>
      <InsuranceDate>0001-01-01T00:00:00</InsuranceDate>
      <DateInService>0001-01-01T00:00:00</DateInService>
      <DateDelivered>0001-01-01T00:00:00</DateDelivered>
      <WarrantyStartDate>0001-01-01T00:00:00</WarrantyStartDate>
      <WarrantyMonths/>
      <WarrantyMiles/>
      <LicenseNumber/>
      <LastServiceDate>0001-01-01T00:00:00</LastServiceDate>
      <ExtendedWarranty>0001-01-01T00:00:00</ExtendedWarranty>
      <DeclinedJob/>
      <PendingJob/>
      <DisplayDescription/>
      <ExtendedWarrantyexpiredate>2008-10-28T04:00:00</ExtendedWarrantyexpiredate>
      <EngineNo>51561</EngineNo>
      <Campaigns/>
    </Vehicle>
  </CustomerVehicle>
  <CustomerVehicle>
    <Customer>
      <CustomerInfoType>Customer</CustomerInfoType>
      <DMSCustomerNo>18950</DMSCustomerNo>
      <LastName>SILVERBERG</LastName>
      <MiddleName>S</MiddleName>
      <FirstName>PERRY</FirstName>
      <FullName>PERRY S SILVERBERG</FullName>
      <Salutation>Mr</Salutation>
      <Gender>M</Gender>
      <CardNo>81710</CardNo>
      <Email>PERRYSSILVERBERG@wa.com</Email>
      <Addresses>
        <Address>
          <AddressType>Home</AddressType>
          <Address1>10, Testovskaya str.</Address1>
          <Address2>10, Testovskaya str., Moscow, 123317, Russia</Address2>
          <City>Moscow</City>
          <State>Moscow</State>
          <Country>Russia</Country>
          <ZipCode>123317</ZipCode>
        </Address>
      </Addresses>
      <Contacts>
        <Contact>
          <ContactType>CP</ContactType>
          <ContactValue>+7(617)-189-18-50</ContactValue>
          <ContactMethodYN>N</ContactMethodYN>
        </Contact>
      </Contacts>
      <SpecialMessage>
        <Message/>
      </SpecialMessage>
      <CorporateInfos/>
    </Customer>
    <Vehicle>
      <DMSVehicleNo>424</DMSVehicleNo>
      <VIN>5NPET4AC3AH611478</VIN>
      <LastSixVIN>611478</LastSixVIN>
      <StockNumber>N08138</StockNumber>
      <LicensePlateNo>NO8138</LicensePlateNo>
      <Make>HYUNDAI</Make>
      <ModelCode>10 SONAGL</ModelCode>
      <ModelName>SONATA</ModelName>
      <ModelYear>2010</ModelYear>
      <LastMileage>36</LastMileage>
      <Color>CAMEL</Color>
      <VehicleType>Car</VehicleType>
      <EngineType>2.5L I4 FI DO</EngineType>
      <FuelType>Gas</FuelType>
      <Cylinders/>
      <Trim/>
      <FullModelName>SONATA</FullModelName>
      <InsuranceDate>0001-01-01T00:00:00</InsuranceDate>
      <DateInService>2010-03-12T05:00:00</DateInService>
      <DateDelivered>0001-01-01T00:00:00</DateDelivered>
      <WarrantyStartDate>0001-01-01T00:00:00</WarrantyStartDate>
      <WarrantyMonths/>
      <WarrantyMiles/>
      <LicenseNumber/>
      <LastServiceDate>0001-01-01T00:00:00</LastServiceDate>
      <ExtendedWarranty>0001-01-01T00:00:00</ExtendedWarranty>
      <DeclinedJob/>
      <PendingJob/>
      <DisplayDescription/>
      <ExtendedWarrantyexpiredate>2008-10-28T04:00:00</ExtendedWarrantyexpiredate>
      <EngineNo>51561</EngineNo>
      <Campaigns/>
    </Vehicle>
  </CustomerVehicle>
  <CustomerVehicle>
    <Customer>
      <CustomerInfoType>Customer</CustomerInfoType>
      <DMSCustomerNo>19075</DMSCustomerNo>
      <LastName>DA SILVA</LastName>
      <MiddleName>PAULO AVELINO</MiddleName>
      <FirstName>JOAO</FirstName>
      <FullName>JOAO PAULO AVELINO DA SILVA</FullName>
      <Salutation>Mr</Salutation>
      <Gender>M</Gender>
      <CardNo>81835</CardNo>
      <Email>JOAOPAULOAVELINODASILVA@wa.com</Email>
      <Addresses>
        <Address>
          <AddressType>Home</AddressType>
          <Address1>10, Testovskaya str.</Address1>
          <Address2>10, Testovskaya str., Moscow, 123317, Russia</Address2>
          <City>Moscow</City>
          <State>Moscow</State>
          <Country>Russia</Country>
          <ZipCode>123317</ZipCode>
        </Address>
      </Addresses>
      <Contacts>
        <Contact>
          <ContactType>CP</ContactType>
          <ContactValue>+7(617)-190-19-75</ContactValue>
          <ContactMethodYN>N</ContactMethodYN>
        </Contact>
        <Contact>
          <ContactType>BP</ContactType>
          <ContactValue>+7(495)-190-19-75</ContactValue>
          <ContactMethodYN>N</ContactMethodYN>
        </Contact>
      </Contacts>
      <SpecialMessage>
        <Message/>
      </SpecialMessage>
      <CorporateInfos/>
    </Customer>
    <Vehicle>
      <DMSVehicleNo>442</DMSVehicleNo>
      <VIN>KMHCF21T85U370152</VIN>
      <LastSixVIN>370152</LastSixVIN>
      <StockNumber>U1991</StockNumber>
      <LicensePlateNo>DEALER</LicensePlateNo>
      <Make>HYUNDAI</Make>
      <ModelCode/>
      <ModelName>SONATA</ModelName>
      <ModelYear>1995</ModelYear>
      <LastMileage>0</LastMileage>
      <Color>ARCTIC SILVER</Color>
      <VehicleType>UNKNOWN</VehicleType>
      <EngineType>2.5L I4 FI DO</EngineType>
      <FuelType>Gas</FuelType>
      <Cylinders/>
      <Trim/>
      <FullModelName>SONATA</FullModelName>
      <InsuranceDate>0001-01-01T00:00:00</InsuranceDate>
      <DateInService>0001-01-01T00:00:00</DateInService>
      <DateDelivered>0001-01-01T00:00:00</DateDelivered>
      <WarrantyStartDate>0001-01-01T00:00:00</WarrantyStartDate>
      <WarrantyMonths/>
      <WarrantyMiles/>
      <LicenseNumber/>
      <LastServiceDate>0001-01-01T00:00:00</LastServiceDate>
      <ExtendedWarranty>0001-01-01T00:00:00</ExtendedWarranty>
      <DeclinedJob/>
      <PendingJob/>
      <DisplayDescription/>
      <ExtendedWarrantyexpiredate>2008-10-28T04:00:00</ExtendedWarrantyexpiredate>
      <EngineNo>51561</EngineNo>
      <Campaigns/>
    </Vehicle>
  </CustomerVehicle>
  <CustomerVehicle>
    <Customer>
      <CustomerInfoType>Customer</CustomerInfoType>
      <DMSCustomerNo>19156</DMSCustomerNo>
      <LastName>ENTERPRISE RENT A CAR</LastName>
      <MiddleName/>
      <FirstName/>
      <FullName>ENTERPRISE RENT A CAR</FullName>
      <Salutation>Mr</Salutation>
      <Gender>M</Gender>
      <CardNo>81916</CardNo>
      <Email>ENTERPRISERENTACAR@wa.com</Email>
      <Addresses>
        <Address>
          <AddressType>Home</AddressType>
          <Address1>10, Testovskaya str.</Address1>
          <Address2>10, Testovskaya str., Moscow, 123317, Russia</Address2>
          <City>Moscow</City>
          <State>Moscow</State>
          <Country>Russia</Country>
          <ZipCode>123317</ZipCode>
        </Address>
      </Addresses>
      <Contacts>
        <Contact>
          <ContactType>BP</ContactType>
          <ContactValue>+7(495)-191-19-56</ContactValue>
          <ContactMethodYN>N</ContactMethodYN>
        </Contact>
      </Contacts>
      <SpecialMessage>
        <Message/>
      </SpecialMessage>
      <CorporateInfos/>
    </Customer>
    <Vehicle>
      <DMSVehicleNo>445</DMSVehicleNo>
      <VIN>KM8JM72B06U278099</VIN>
      <LastSixVIN>278099</LastSixVIN>
      <StockNumber>N7306</StockNumber>
      <LicensePlateNo>NO7306</LicensePlateNo>
      <Make>HYUNDAI</Make>
      <ModelCode/>
      <ModelName>TUCSON</ModelName>
      <ModelYear>2006</ModelYear>
      <LastMileage>15205</LastMileage>
      <Color>ARCTIC SILVER</Color>
      <VehicleType>SUV</VehicleType>
      <EngineType>1.8L I4 FI DO</EngineType>
      <FuelType>Gas</FuelType>
      <Cylinders/>
      <Trim/>
      <FullModelName>TUCSON</FullModelName>
      <InsuranceDate>0001-01-01T00:00:00</InsuranceDate>
      <DateInService>0001-01-01T00:00:00</DateInService>
      <DateDelivered>0001-01-01T00:00:00</DateDelivered>
      <WarrantyStartDate>0001-01-01T00:00:00</WarrantyStartDate>
      <WarrantyMonths/>
      <WarrantyMiles/>
      <LicenseNumber/>
      <LastServiceDate>0001-01-01T00:00:00</LastServiceDate>
      <ExtendedWarranty>0001-01-01T00:00:00</ExtendedWarranty>
      <DeclinedJob/>
      <PendingJob/>
      <DisplayDescription/>
      <ExtendedWarrantyexpiredate>2008-10-28T04:00:00</ExtendedWarrantyexpiredate>
      <EngineNo>51561</EngineNo>
      <Campaigns/>
    </Vehicle>
  </CustomerVehicle>
  <CustomerVehicle>
    <Customer>
      <CustomerInfoType>Customer</CustomerInfoType>
      <DMSCustomerNo>17466</DMSCustomerNo>
      <LastName>ORZECH</LastName>
      <MiddleName/>
      <FirstName>REBECCA</FirstName>
      <FullName>REBECCA ORZECH</FullName>
      <Salutation>Mr</Salutation>
      <Gender>M</Gender>
      <CardNo>80226</CardNo>
      <Email>REBECCAORZECH@wa.com</Email>
      <Addresses>
        <Address>
          <AddressType>Home</AddressType>
          <Address1>10, Testovskaya str.</Address1>
          <Address2>10, Testovskaya str., Moscow, 123317, Russia</Address2>
          <City>Moscow</City>
          <State>Moscow</State>
          <Country>Russia</Country>
          <ZipCode>123317</ZipCode>
        </Address>
      </Addresses>
      <Contacts/>
      <SpecialMessage>
        <Message/>
      </SpecialMessage>
      <CorporateInfos/>
    </Customer>
    <Vehicle>
      <DMSVehicleNo>456</DMSVehicleNo>
      <VIN>KM8NU73C18U039978</VIN>
      <LastSixVIN>039978</LastSixVIN>
      <StockNumber>N06110</StockNumber>
      <LicensePlateNo>NO6110</LicensePlateNo>
      <Make>HYUNDAI</Make>
      <ModelCode/>
      <ModelName>VERACRUZ</ModelName>
      <ModelYear>2008</ModelYear>
      <LastMileage>22</LastMileage>
      <Color>LIQUID SILVER</Color>
      <VehicleType>SUV</VehicleType>
      <EngineType>3.3L V6 MPI DO</EngineType>
      <FuelType>Gas</FuelType>
      <Cylinders/>
      <Trim/>
      <FullModelName>VERACRUZ</FullModelName>
      <InsuranceDate>0001-01-01T00:00:00</InsuranceDate>
      <DateInService>2007-10-02T04:00:00</DateInService>
      <DateDelivered>0001-01-01T00:00:00</DateDelivered>
      <WarrantyStartDate>0001-01-01T00:00:00</WarrantyStartDate>
      <WarrantyMonths/>
      <WarrantyMiles/>
      <LicenseNumber/>
      <LastServiceDate>0001-01-01T00:00:00</LastServiceDate>
      <ExtendedWarranty>0001-01-01T00:00:00</ExtendedWarranty>
      <DeclinedJob/>
      <PendingJob/>
      <DisplayDescription/>
      <ExtendedWarrantyexpiredate>2008-10-28T04:00:00</ExtendedWarrantyexpiredate>
      <EngineNo>51561</EngineNo>
      <Campaigns/>
    </Vehicle>
  </CustomerVehicle>
  <CustomerVehicle>
    <Customer>
      <CustomerInfoType>Customer</CustomerInfoType>
      <DMSCustomerNo>14434</DMSCustomerNo>
      <LastName>NO CAR -RUDY</LastName>
      <MiddleName/>
      <FirstName>LORELEI</FirstName>
      <FullName>LORELEI NO CAR -RUDY</FullName>
      <Salutation>Mr</Salutation>
      <Gender>M</Gender>
      <CardNo>77194</CardNo>
      <Email>LORELEINOCAR-RUDY@wa.com</Email>
      <Addresses>
        <Address>
          <AddressType>Home</AddressType>
          <Address1>10, Testovskaya str.</Address1>
          <Address2>10, Testovskaya str., Moscow, 123317, Russia</Address2>
          <City>Moscow</City>
          <State>Moscow</State>
          <Country>Russia</Country>
          <ZipCode>123317</ZipCode>
        </Address>
      </Addresses>
      <Contacts/>
      <SpecialMessage>
        <Message/>
      </SpecialMessage>
      <CorporateInfos/>
    </Customer>
    <Vehicle>
      <DMSVehicleNo>516</DMSVehicleNo>
      <VIN>5NPET46F07H190671</VIN>
      <LastSixVIN>190671</LastSixVIN>
      <StockNumber>#019449</StockNumber>
      <LicensePlateNo>ASJJ787</LicensePlateNo>
      <Make>HYUNDAI</Make>
      <ModelCode/>
      <ModelName>SONATA</ModelName>
      <ModelYear>2007</ModelYear>
      <LastMileage>21359</LastMileage>
      <Color>ARCTIC SILVER</Color>
      <VehicleType>UNKNOWN</VehicleType>
      <EngineType>2.5L I4 FI DO</EngineType>
      <FuelType>Gas</FuelType>
      <Cylinders/>
      <Trim/>
      <FullModelName>SONATA</FullModelName>
      <InsuranceDate>0001-01-01T00:00:00</InsuranceDate>
      <DateInService>0001-01-01T00:00:00</DateInService>
      <DateDelivered>0001-01-01T00:00:00</DateDelivered>
      <WarrantyStartDate>0001-01-01T00:00:00</WarrantyStartDate>
      <WarrantyMonths/>
      <WarrantyMiles/>
      <LicenseNumber/>
      <LastServiceDate>0001-01-01T00:00:00</LastServiceDate>
      <ExtendedWarranty>0001-01-01T00:00:00</ExtendedWarranty>
      <DeclinedJob/>
      <PendingJob/>
      <DisplayDescription/>
      <ExtendedWarrantyexpiredate>2008-10-28T04:00:00</ExtendedWarrantyexpiredate>
      <EngineNo>51561</EngineNo>
      <Campaigns/>
    </Vehicle>
  </CustomerVehicle>
  <CustomerVehicle>
    <Customer>
      <CustomerInfoType>Customer</CustomerInfoType>
      <DMSCustomerNo>14450</DMSCustomerNo>
      <LastName>ZEND</LastName>
      <MiddleName/>
      <FirstName>JAMINE</FirstName>
      <FullName>JAMINE ZEND</FullName>
      <Salutation>Mr</Salutation>
      <Gender>M</Gender>
      <CardNo>77210</CardNo>
      <Email>JAMINEZEND@wa.com</Email>
      <Addresses>
        <Address>
          <AddressType>Home</AddressType>
          <Address1>10, Testovskaya str.</Address1>
          <Address2>10, Testovskaya str., Moscow, 123317, Russia</Address2>
          <City>Moscow</City>
          <State>Moscow</State>
          <Country>Russia</Country>
          <ZipCode>123317</ZipCode>
        </Address>
      </Addresses>
      <Contacts>
        <Contact>
          <ContactType>BP</ContactType>
          <ContactValue>+7(495)-144-14-50</ContactValue>
          <ContactMethodYN>N</ContactMethodYN>
        </Contact>
      </Contacts>
      <SpecialMessage>
        <Message/>
      </SpecialMessage>
      <CorporateInfos/>
    </Customer>
    <Vehicle>
      <DMSVehicleNo>589</DMSVehicleNo>
      <VIN>KM8JM12D07U593176</VIN>
      <LastSixVIN>593176</LastSixVIN>
      <StockNumber>U6097</StockNumber>
      <LicensePlateNo>FWD</LicensePlateNo>
      <Make>HYUNDAI</Make>
      <ModelCode/>
      <ModelName>TUCSON</ModelName>
      <ModelYear>2007</ModelYear>
      <LastMileage>118003</LastMileage>
      <Color>ARCTIC SILVER</Color>
      <VehicleType>SUV</VehicleType>
      <EngineType>1.8L I4 FI DO</EngineType>
      <FuelType>Gas</FuelType>
      <Cylinders/>
      <Trim/>
      <FullModelName>TUCSON</FullModelName>
      <InsuranceDate>0001-01-01T00:00:00</InsuranceDate>
      <DateInService>2009-11-24T05:00:00</DateInService>
      <DateDelivered>0001-01-01T00:00:00</DateDelivered>
      <WarrantyStartDate>0001-01-01T00:00:00</WarrantyStartDate>
      <WarrantyMonths/>
      <WarrantyMiles/>
      <LicenseNumber/>
      <LastServiceDate>0001-01-01T00:00:00</LastServiceDate>
      <ExtendedWarranty>0001-01-01T00:00:00</ExtendedWarranty>
      <DeclinedJob/>
      <PendingJob/>
      <DisplayDescription/>
      <ExtendedWarrantyexpiredate>2008-10-28T04:00:00</ExtendedWarrantyexpiredate>
      <EngineNo>51561</EngineNo>
      <Campaigns/>
    </Vehicle>
  </CustomerVehicle>
  <CustomerVehicle>
    <Customer>
      <CustomerInfoType>Customer</CustomerInfoType>
      <DMSCustomerNo>19340</DMSCustomerNo>
      <LastName>PIMENTEL</LastName>
      <MiddleName/>
      <FirstName>MARIA</FirstName>
      <FullName>MARIA PIMENTEL</FullName>
      <Salutation>Mr</Salutation>
      <Gender>M</Gender>
      <CardNo>82100</CardNo>
      <Email>MARIAPIMENTEL@wa.com</Email>
      <Addresses>
        <Address>
          <AddressType>Home</AddressType>
          <Address1>10, Testovskaya str.</Address1>
          <Address2>10, Testovskaya str., Moscow, 123317, Russia</Address2>
          <City>Moscow</City>
          <State>Moscow</State>
          <Country>Russia</Country>
          <ZipCode>123317</ZipCode>
        </Address>
      </Addresses>
      <Contacts>
        <Contact>
          <ContactType>BP</ContactType>
          <ContactValue>+7(495)-193-19-40</ContactValue>
          <ContactMethodYN>N</ContactMethodYN>
        </Contact>
      </Contacts>
      <SpecialMessage>
        <Message/>
      </SpecialMessage>
      <CorporateInfos/>
    </Customer>
    <Vehicle>
      <DMSVehicleNo>681</DMSVehicleNo>
      <VIN>KM8JM12D26U272755</VIN>
      <LastSixVIN>272755</LastSixVIN>
      <StockNumber>N7274</StockNumber>
      <LicensePlateNo>NO7274</LicensePlateNo>
      <Make>HYUNDAI</Make>
      <ModelCode/>
      <ModelName>TUCSON</ModelName>
      <ModelYear>2006</ModelYear>
      <LastMileage>2</LastMileage>
      <Color>ARCTIC SILVER</Color>
      <VehicleType>SUV</VehicleType>
      <EngineType>1.8L I4 FI DO</EngineType>
      <FuelType>Gas</FuelType>
      <Cylinders/>
      <Trim/>
      <FullModelName>TUCSON</FullModelName>
      <InsuranceDate>0001-01-01T00:00:00</InsuranceDate>
      <DateInService>0001-01-01T00:00:00</DateInService>
      <DateDelivered>0001-01-01T00:00:00</DateDelivered>
      <WarrantyStartDate>0001-01-01T00:00:00</WarrantyStartDate>
      <WarrantyMonths/>
      <WarrantyMiles/>
      <LicenseNumber/>
      <LastServiceDate>0001-01-01T00:00:00</LastServiceDate>
      <ExtendedWarranty>0001-01-01T00:00:00</ExtendedWarranty>
      <DeclinedJob/>
      <PendingJob/>
      <DisplayDescription/>
      <ExtendedWarrantyexpiredate>2008-10-28T04:00:00</ExtendedWarrantyexpiredate>
      <EngineNo>51561</EngineNo>
      <Campaigns/>
    </Vehicle>
  </CustomerVehicle>
  <CustomerVehicle>
    <Customer>
      <CustomerInfoType>Customer</CustomerInfoType>
      <DMSCustomerNo>14438</DMSCustomerNo>
      <LastName>DU</LastName>
      <MiddleName/>
      <FirstName>MY</FirstName>
      <FullName>MY DU</FullName>
      <Salutation>Mr</Salutation>
      <Gender>M</Gender>
      <CardNo>77198</CardNo>
      <Email>MYDU@wa.com</Email>
      <Addresses>
        <Address>
          <AddressType>Home</AddressType>
          <Address1>10, Testovskaya str.</Address1>
          <Address2>10, Testovskaya str., Moscow, 123317, Russia</Address2>
          <City>Moscow</City>
          <State>Moscow</State>
          <Country>Russia</Country>
          <ZipCode>123317</ZipCode>
        </Address>
      </Addresses>
      <Contacts>
        <Contact>
          <ContactType>BP</ContactType>
          <ContactValue>+7(495)-144-14-38</ContactValue>
          <ContactMethodYN>N</ContactMethodYN>
        </Contact>
      </Contacts>
      <SpecialMessage>
        <Message>DU is important</Message>
      </SpecialMessage>
      <CorporateInfos/>
    </Customer>
    <Vehicle>
      <DMSVehicleNo>936</DMSVehicleNo>
      <VIN>5NPET46F57H289695</VIN>
      <LastSixVIN>289695</LastSixVIN>
      <StockNumber>U5870</StockNumber>
      <LicensePlateNo>NO5870</LicensePlateNo>
      <Make>HYUNDAI</Make>
      <ModelCode/>
      <ModelName>SONATA</ModelName>
      <ModelYear>2007</ModelYear>
      <LastMileage>2</LastMileage>
      <Color>ARCTIC SILVER</Color>
      <VehicleType>UNKNOWN</VehicleType>
      <EngineType>2.5L I4 FI DO</EngineType>
      <FuelType>Gas</FuelType>
      <Cylinders/>
      <Trim/>
      <FullModelName>SONATA</FullModelName>
      <InsuranceDate>0001-01-01T00:00:00</InsuranceDate>
      <DateInService>2009-04-23T04:00:00</DateInService>
      <DateDelivered>0001-01-01T00:00:00</DateDelivered>
      <WarrantyStartDate>0001-01-01T00:00:00</WarrantyStartDate>
      <WarrantyMonths/>
      <WarrantyMiles/>
      <LicenseNumber/>
      <LastServiceDate>0001-01-01T00:00:00</LastServiceDate>
      <ExtendedWarranty>0001-01-01T00:00:00</ExtendedWarranty>
      <DeclinedJob/>
      <PendingJob/>
      <DisplayDescription/>
      <ExtendedWarrantyexpiredate>2008-10-28T04:00:00</ExtendedWarrantyexpiredate>
      <EngineNo>51561</EngineNo>
      <Campaigns/>
    </Vehicle>
  </CustomerVehicle>
  <CustomerVehicle>
    <Customer>
      <CustomerInfoType>Customer</CustomerInfoType>
      <DMSCustomerNo>17743</DMSCustomerNo>
      <LastName>NO PHONE - COWDY</LastName>
      <MiddleName/>
      <FirstName>RONALD</FirstName>
      <FullName>RONALD NO PHONE - COWDY</FullName>
      <Salutation>Mr</Salutation>
      <Gender>M</Gender>
      <CardNo>80503</CardNo>
      <Email>RONALDNOPHONE-COWDY@wa.com</Email>
      <Addresses>
        <Address>
          <AddressType>Home</AddressType>
          <Address1>10, Testovskaya str.</Address1>
          <Address2>10, Testovskaya str., Moscow, 123317, Russia</Address2>
          <City>Moscow</City>
          <State>Moscow</State>
          <Country>Russia</Country>
          <ZipCode>123317</ZipCode>
        </Address>
      </Addresses>
      <Contacts/>
      <SpecialMessage>
        <Message/>
      </SpecialMessage>
      <CorporateInfos/>
    </Customer>
    <Vehicle>
      <DMSVehicleNo>1133</DMSVehicleNo>
      <VIN>KM8JM12B78U908913</VIN>
      <LastSixVIN>908913</LastSixVIN>
      <StockNumber>N06697</StockNumber>
      <LicensePlateNo>NO6697</LicensePlateNo>
      <Make>HYUNDAI</Make>
      <ModelCode/>
      <ModelName>TUCSON</ModelName>
      <ModelYear>2008</ModelYear>
      <LastMileage>27</LastMileage>
      <Color>GREY</Color>
      <VehicleType>SUV</VehicleType>
      <EngineType>1.8L I4 FI DO</EngineType>
      <FuelType>Gas</FuelType>
      <Cylinders/>
      <Trim/>
      <FullModelName>TUCSON</FullModelName>
      <InsuranceDate>0001-01-01T00:00:00</InsuranceDate>
      <DateInService>2008-06-17T04:00:00</DateInService>
      <DateDelivered>0001-01-01T00:00:00</DateDelivered>
      <WarrantyStartDate>0001-01-01T00:00:00</WarrantyStartDate>
      <WarrantyMonths/>
      <WarrantyMiles/>
      <LicenseNumber/>
      <LastServiceDate>0001-01-01T00:00:00</LastServiceDate>
      <ExtendedWarranty>0001-01-01T00:00:00</ExtendedWarranty>
      <DeclinedJob/>
      <PendingJob/>
      <DisplayDescription/>
      <ExtendedWarrantyexpiredate>2008-10-28T04:00:00</ExtendedWarrantyexpiredate>
      <EngineNo>51561</EngineNo>
      <Campaigns/>
    </Vehicle>
  </CustomerVehicle>
  <CustomerVehicle>
    <Customer>
      <CustomerInfoType>Customer</CustomerInfoType>
      <DMSCustomerNo>18241</DMSCustomerNo>
      <LastName>AMBER</LastName>
      <MiddleName/>
      <FirstName>ROLAND</FirstName>
      <FullName>ROLAND AMBER</FullName>
      <Salutation>Mr</Salutation>
      <Gender>M</Gender>
      <CardNo>81001</CardNo>
      <Email>ROLANDAMBER@wa.com</Email>
      <Addresses>
        <Address>
          <AddressType>Home</AddressType>
          <Address1>10, Testovskaya str.</Address1>
          <Address2>10, Testovskaya str., Moscow, 123317, Russia</Address2>
          <City>Moscow</City>
          <State>Moscow</State>
          <Country>Russia</Country>
          <ZipCode>123317</ZipCode>
        </Address>
      </Addresses>
      <Contacts>
        <Contact>
          <ContactType>CP</ContactType>
          <ContactValue>+7(617)-182-18-41</ContactValue>
          <ContactMethodYN>N</ContactMethodYN>
        </Contact>
      </Contacts>
      <SpecialMessage>
        <Message/>
      </SpecialMessage>
      <CorporateInfos/>
    </Customer>
    <Vehicle>
      <DMSVehicleNo>1291</DMSVehicleNo>
      <VIN>KM8JM12D98U838719</VIN>
      <LastSixVIN>838719</LastSixVIN>
      <StockNumber>N06462</StockNumber>
      <LicensePlateNo>NO6462</LicensePlateNo>
      <Make>HYUNDAI</Make>
      <ModelCode/>
      <ModelName>TUCSON</ModelName>
      <ModelYear>2008</ModelYear>
      <LastMileage>27</LastMileage>
      <Color>BLACK</Color>
      <VehicleType>SUV</VehicleType>
      <EngineType>1.8L I4 FI DO</EngineType>
      <FuelType>Gas</FuelType>
      <Cylinders/>
      <Trim/>
      <FullModelName>TUCSON</FullModelName>
      <InsuranceDate>0001-01-01T00:00:00</InsuranceDate>
      <DateInService>2008-07-31T04:00:00</DateInService>
      <DateDelivered>0001-01-01T00:00:00</DateDelivered>
      <WarrantyStartDate>0001-01-01T00:00:00</WarrantyStartDate>
      <WarrantyMonths/>
      <WarrantyMiles/>
      <LicenseNumber/>
      <LastServiceDate>0001-01-01T00:00:00</LastServiceDate>
      <ExtendedWarranty>0001-01-01T00:00:00</ExtendedWarranty>
      <DeclinedJob/>
      <PendingJob/>
      <DisplayDescription/>
      <ExtendedWarrantyexpiredate>2008-10-28T04:00:00</ExtendedWarrantyexpiredate>
      <EngineNo>51561</EngineNo>
      <Campaigns/>
    </Vehicle>
  </CustomerVehicle>
  <CustomerVehicle>
    <Customer>
      <CustomerInfoType>Customer</CustomerInfoType>
      <DMSCustomerNo>18740</DMSCustomerNo>
      <LastName>JACOBSEN</LastName>
      <MiddleName/>
      <FirstName/>
      <FullName>JACOBSEN</FullName>
      <Salutation>Mr</Salutation>
      <Gender>M</Gender>
      <CardNo>81500</CardNo>
      <Email>JACOBSEN@wa.com</Email>
      <Addresses>
        <Address>
          <AddressType>Home</AddressType>
          <Address1>10, Testovskaya str.</Address1>
          <Address2>10, Testovskaya str., Moscow, 123317, Russia</Address2>
          <City>Moscow</City>
          <State>Moscow</State>
          <Country>Russia</Country>
          <ZipCode>123317</ZipCode>
        </Address>
      </Addresses>
      <Contacts>
        <Contact>
          <ContactType>CP</ContactType>
          <ContactValue>+7(617)-187-18-40</ContactValue>
          <ContactMethodYN>N</ContactMethodYN>
        </Contact>
      </Contacts>
      <SpecialMessage>
        <Message/>
      </SpecialMessage>
      <CorporateInfos/>
    </Customer>
    <Vehicle>
      <DMSVehicleNo>1295</DMSVehicleNo>
      <VIN>5NPET46F39H413630</VIN>
      <LastSixVIN>413630</LastSixVIN>
      <StockNumber>N06760</StockNumber>
      <LicensePlateNo>NO6760</LicensePlateNo>
      <Make>HYUNDAI</Make>
      <ModelCode/>
      <ModelName>SONATA</ModelName>
      <ModelYear>2009</ModelYear>
      <LastMileage>27</LastMileage>
      <Color>COCOA</Color>
      <VehicleType>Car</VehicleType>
      <EngineType>2.5L I4 FI DO</EngineType>
      <FuelType>Gas</FuelType>
      <Cylinders/>
      <Trim/>
      <FullModelName>SONATA</FullModelName>
      <InsuranceDate>0001-01-01T00:00:00</InsuranceDate>
      <DateInService>2008-06-12T04:00:00</DateInService>
      <DateDelivered>0001-01-01T00:00:00</DateDelivered>
      <WarrantyStartDate>0001-01-01T00:00:00</WarrantyStartDate>
      <WarrantyMonths/>
      <WarrantyMiles/>
      <LicenseNumber/>
      <LastServiceDate>0001-01-01T00:00:00</LastServiceDate>
      <ExtendedWarranty>0001-01-01T00:00:00</ExtendedWarranty>
      <DeclinedJob/>
      <PendingJob/>
      <DisplayDescription/>
      <ExtendedWarrantyexpiredate>2008-10-28T04:00:00</ExtendedWarrantyexpiredate>
      <EngineNo>51561</EngineNo>
      <Campaigns/>
    </Vehicle>
  </CustomerVehicle>
  <CustomerVehicle>
    <Customer>
      <CustomerInfoType>Customer</CustomerInfoType>
      <DMSCustomerNo>18443</DMSCustomerNo>
      <LastName>THE MINISTER OF FINANCE/MTO</LastName>
      <MiddleName/>
      <FirstName/>
      <FullName>THE MINISTER OF FINANCE/MTO</FullName>
      <Salutation>Mr</Salutation>
      <Gender>M</Gender>
      <CardNo>81203</CardNo>
      <Email>THEMINISTEROFFINANCE/MTO@wa.com</Email>
      <Addresses>
        <Address>
          <AddressType>Home</AddressType>
          <Address1>10, Testovskaya str.</Address1>
          <Address2>10, Testovskaya str., Moscow, 123317, Russia</Address2>
          <City>Moscow</City>
          <State>Moscow</State>
          <Country>Russia</Country>
          <ZipCode>123317</ZipCode>
        </Address>
      </Addresses>
      <Contacts>
        <Contact>
          <ContactType>CP</ContactType>
          <ContactValue>+7(617)-184-18-43</ContactValue>
          <ContactMethodYN>N</ContactMethodYN>
        </Contact>
      </Contacts>
      <SpecialMessage>
        <Message/>
      </SpecialMessage>
      <CorporateInfos/>
    </Customer>
    <Vehicle>
      <DMSVehicleNo>1307</DMSVehicleNo>
      <VIN>KM8JM12D17U685073</VIN>
      <LastSixVIN>685073</LastSixVIN>
      <StockNumber>N8622</StockNumber>
      <LicensePlateNo>NO8622</LicensePlateNo>
      <Make>HYUNDAI</Make>
      <ModelCode/>
      <ModelName>TUCSON</ModelName>
      <ModelYear>2007</ModelYear>
      <LastMileage>28</LastMileage>
      <Color>ARCTIC SILVER</Color>
      <VehicleType>SUV</VehicleType>
      <EngineType>1.8L I4 FI DO</EngineType>
      <FuelType>Gas</FuelType>
      <Cylinders/>
      <Trim/>
      <FullModelName>TUCSON</FullModelName>
      <InsuranceDate>0001-01-01T00:00:00</InsuranceDate>
      <DateInService>0001-01-01T00:00:00</DateInService>
      <DateDelivered>0001-01-01T00:00:00</DateDelivered>
      <WarrantyStartDate>0001-01-01T00:00:00</WarrantyStartDate>
      <WarrantyMonths/>
      <WarrantyMiles/>
      <LicenseNumber/>
      <LastServiceDate>0001-01-01T00:00:00</LastServiceDate>
      <ExtendedWarranty>0001-01-01T00:00:00</ExtendedWarranty>
      <DeclinedJob/>
      <PendingJob/>
      <DisplayDescription/>
      <ExtendedWarrantyexpiredate>2008-10-28T04:00:00</ExtendedWarrantyexpiredate>
      <EngineNo>51561</EngineNo>
      <Campaigns/>
    </Vehicle>
  </CustomerVehicle>
  <CustomerVehicle>
    <Customer>
      <CustomerInfoType>Customer</CustomerInfoType>
      <DMSCustomerNo>19441</DMSCustomerNo>
      <LastName>NO CAR - ICZKOVITZ</LastName>
      <MiddleName>C S</MiddleName>
      <FirstName>SUSAN</FirstName>
      <FullName>SUSAN C S  NO CAR - ICZKOVITZ</FullName>
      <Salutation>Mr</Salutation>
      <Gender>M</Gender>
      <CardNo>82201</CardNo>
      <Email>SUSANCSNOCAR-ICZKOVITZ@wa.com</Email>
      <Addresses>
        <Address>
          <AddressType>Home</AddressType>
          <Address1>10, Testovskaya str.</Address1>
          <Address2>10, Testovskaya str., Moscow, 123317, Russia</Address2>
          <City>Moscow</City>
          <State>Moscow</State>
          <Country>Russia</Country>
          <ZipCode>123317</ZipCode>
        </Address>
      </Addresses>
      <Contacts/>
      <SpecialMessage>
        <Message/>
      </SpecialMessage>
      <CorporateInfos/>
    </Customer>
    <Vehicle>
      <DMSVehicleNo>1316</DMSVehicleNo>
      <VIN>5NPET46C18H394354</VIN>
      <LastSixVIN>394354</LastSixVIN>
      <StockNumber>N8957</StockNumber>
      <LicensePlateNo>NO8957</LicensePlateNo>
      <Make>HYUNDAI</Make>
      <ModelCode/>
      <ModelName>SONATA</ModelName>
      <ModelYear>2008</ModelYear>
      <LastMileage>25</LastMileage>
      <Color>ARCTIC SILVER</Color>
      <VehicleType>UNKNOWN</VehicleType>
      <EngineType>2.5L I4 FI DO</EngineType>
      <FuelType>Gas</FuelType>
      <Cylinders/>
      <Trim/>
      <FullModelName>SONATA</FullModelName>
      <InsuranceDate>0001-01-01T00:00:00</InsuranceDate>
      <DateInService>2008-02-25T05:00:00</DateInService>
      <DateDelivered>0001-01-01T00:00:00</DateDelivered>
      <WarrantyStartDate>0001-01-01T00:00:00</WarrantyStartDate>
      <WarrantyMonths/>
      <WarrantyMiles/>
      <LicenseNumber/>
      <LastServiceDate>0001-01-01T00:00:00</LastServiceDate>
      <ExtendedWarranty>0001-01-01T00:00:00</ExtendedWarranty>
      <DeclinedJob/>
      <PendingJob/>
      <DisplayDescription/>
      <ExtendedWarrantyexpiredate>2008-10-28T04:00:00</ExtendedWarrantyexpiredate>
      <EngineNo>51561</EngineNo>
      <Campaigns/>
    </Vehicle>
  </CustomerVehicle>
  <CustomerVehicle>
    <Customer>
      <CustomerInfoType>Customer</CustomerInfoType>
      <DMSCustomerNo>18752</DMSCustomerNo>
      <LastName>HASHEMZADEH BANAFSHEHVARAGH</LastName>
      <MiddleName/>
      <FirstName>REZA</FirstName>
      <FullName>REZA HASHEMZADEH BANAFSHEHVARA</FullName>
      <Salutation>Mr</Salutation>
      <Gender>M</Gender>
      <CardNo>81512</CardNo>
      <Email>REZAHASHEMZADEHBANAFSHEHVARA@wa.com</Email>
      <Addresses>
        <Address>
          <AddressType>Home</AddressType>
          <Address1>10, Testovskaya str.</Address1>
          <Address2>10, Testovskaya str., Moscow, 123317, Russia</Address2>
          <City>Moscow</City>
          <State>Moscow</State>
          <Country>Russia</Country>
          <ZipCode>123317</ZipCode>
        </Address>
      </Addresses>
      <Contacts>
        <Contact>
          <ContactType>CP</ContactType>
          <ContactValue>+7(617)-187-18-52</ContactValue>
          <ContactMethodYN>N</ContactMethodYN>
        </Contact>
        <Contact>
          <ContactType>BP</ContactType>
          <ContactValue>+7(495)-187-18-52</ContactValue>
          <ContactMethodYN>N</ContactMethodYN>
        </Contact>
      </Contacts>
      <SpecialMessage>
        <Message/>
      </SpecialMessage>
      <CorporateInfos/>
    </Customer>
    <Vehicle>
      <DMSVehicleNo>1420</DMSVehicleNo>
      <VIN>5NPEB4AC0BH134965</VIN>
      <LastSixVIN>134965</LastSixVIN>
      <StockNumber>N09427</StockNumber>
      <LicensePlateNo>NO9427</LicensePlateNo>
      <Make>HYUNDAI</Make>
      <ModelCode>11 SONAGLSA</ModelCode>
      <ModelName>SONATA</ModelName>
      <ModelYear>2011</ModelYear>
      <LastMileage>16</LastMileage>
      <Color>GREY</Color>
      <VehicleType>Car</VehicleType>
      <EngineType>2.5L I4 FI DO</EngineType>
      <FuelType>Gas</FuelType>
      <Cylinders/>
      <Trim/>
      <FullModelName>SONATA</FullModelName>
      <InsuranceDate>0001-01-01T00:00:00</InsuranceDate>
      <DateInService>2011-03-21T04:00:00</DateInService>
      <DateDelivered>0001-01-01T00:00:00</DateDelivered>
      <WarrantyStartDate>0001-01-01T00:00:00</WarrantyStartDate>
      <WarrantyMonths/>
      <WarrantyMiles/>
      <LicenseNumber/>
      <LastServiceDate>0001-01-01T00:00:00</LastServiceDate>
      <ExtendedWarranty>0001-01-01T00:00:00</ExtendedWarranty>
      <DeclinedJob/>
      <PendingJob/>
      <DisplayDescription/>
      <ExtendedWarrantyexpiredate>2008-10-28T04:00:00</ExtendedWarrantyexpiredate>
      <EngineNo>51561</EngineNo>
      <Campaigns/>
    </Vehicle>
  </CustomerVehicle>
  <CustomerVehicle>
    <Customer>
      <CustomerInfoType>Customer</CustomerInfoType>
      <DMSCustomerNo>17501</DMSCustomerNo>
      <LastName>TABERDO</LastName>
      <MiddleName>AYCO</MiddleName>
      <FirstName>GLENDA</FirstName>
      <FullName>GLENDA AYCO TABERDO</FullName>
      <Salutation>Mr</Salutation>
      <Gender>M</Gender>
      <CardNo>80261</CardNo>
      <Email>GLENDAAYCOTABERDO@wa.com</Email>
      <Addresses>
        <Address>
          <AddressType>Home</AddressType>
          <Address1>10, Testovskaya str.</Address1>
          <Address2>10, Testovskaya str., Moscow, 123317, Russia</Address2>
          <City>Moscow</City>
          <State>Moscow</State>
          <Country>Russia</Country>
          <ZipCode>123317</ZipCode>
        </Address>
      </Addresses>
      <Contacts/>
      <SpecialMessage>
        <Message/>
      </SpecialMessage>
      <CorporateInfos/>
    </Customer>
    <Vehicle>
      <DMSVehicleNo>1422</DMSVehicleNo>
      <VIN>5NPEC4AB3BH185655</VIN>
      <LastSixVIN>185655</LastSixVIN>
      <StockNumber>N09645</StockNumber>
      <LicensePlateNo>NO9645</LicensePlateNo>
      <Make>HYUNDAI</Make>
      <ModelCode>11 SONTUR</ModelCode>
      <ModelName>SONATA</ModelName>
      <ModelYear>2011</ModelYear>
      <LastMileage>27</LastMileage>
      <Color>BLACK</Color>
      <VehicleType>Car</VehicleType>
      <EngineType>2.5L I4 FI DO</EngineType>
      <FuelType>Gas</FuelType>
      <Cylinders/>
      <Trim/>
      <FullModelName>SONATA</FullModelName>
      <InsuranceDate>0001-01-01T00:00:00</InsuranceDate>
      <DateInService>2011-03-21T04:00:00</DateInService>
      <DateDelivered>0001-01-01T00:00:00</DateDelivered>
      <WarrantyStartDate>0001-01-01T00:00:00</WarrantyStartDate>
      <WarrantyMonths/>
      <WarrantyMiles/>
      <LicenseNumber/>
      <LastServiceDate>0001-01-01T00:00:00</LastServiceDate>
      <ExtendedWarranty>0001-01-01T00:00:00</ExtendedWarranty>
      <DeclinedJob/>
      <PendingJob/>
      <DisplayDescription/>
      <ExtendedWarrantyexpiredate>2008-10-28T04:00:00</ExtendedWarrantyexpiredate>
      <EngineNo>51561</EngineNo>
      <Campaigns/>
    </Vehicle>
  </CustomerVehicle>
  <CustomerVehicle>
    <Customer>
      <CustomerInfoType>Customer</CustomerInfoType>
      <DMSCustomerNo>17344</DMSCustomerNo>
      <LastName>CHIEFFALLO ENTERPRIS</LastName>
      <MiddleName/>
      <FirstName/>
      <FullName>CHIEFFALLO ENTERPRIS</FullName>
      <Salutation>Mr</Salutation>
      <Gender>M</Gender>
      <CardNo>80104</CardNo>
      <Email>CHIEFFALLOENTERPRIS@wa.com</Email>
      <Addresses>
        <Address>
          <AddressType>Home</AddressType>
          <Address1>10, Testovskaya str.</Address1>
          <Address2>10, Testovskaya str., Moscow, 123317, Russia</Address2>
          <City>Moscow</City>
          <State>Moscow</State>
          <Country>Russia</Country>
          <ZipCode>123317</ZipCode>
        </Address>
      </Addresses>
      <Contacts/>
      <SpecialMessage>
        <Message/>
      </SpecialMessage>
      <CorporateInfos/>
    </Customer>
    <Vehicle>
      <DMSVehicleNo>1432</DMSVehicleNo>
      <VIN>5NPET46CX9H514766</VIN>
      <LastSixVIN>514766</LastSixVIN>
      <StockNumber>N07014</StockNumber>
      <LicensePlateNo>NO7014</LicensePlateNo>
      <Make>HYUNDAI</Make>
      <ModelCode/>
      <ModelName>SONATA</ModelName>
      <ModelYear>2009</ModelYear>
      <LastMileage>27</LastMileage>
      <Color>GREY</Color>
      <VehicleType>Car</VehicleType>
      <EngineType>2.5L I4 FI DO</EngineType>
      <FuelType>Gas</FuelType>
      <Cylinders/>
      <Trim/>
      <FullModelName>SONATA</FullModelName>
      <InsuranceDate>0001-01-01T00:00:00</InsuranceDate>
      <DateInService>2008-10-17T04:00:00</DateInService>
      <DateDelivered>0001-01-01T00:00:00</DateDelivered>
      <WarrantyStartDate>0001-01-01T00:00:00</WarrantyStartDate>
      <WarrantyMonths/>
      <WarrantyMiles/>
      <LicenseNumber/>
      <LastServiceDate>0001-01-01T00:00:00</LastServiceDate>
      <ExtendedWarranty>0001-01-01T00:00:00</ExtendedWarranty>
      <DeclinedJob/>
      <PendingJob/>
      <DisplayDescription/>
      <ExtendedWarrantyexpiredate>2008-10-28T04:00:00</ExtendedWarrantyexpiredate>
      <EngineNo>51561</EngineNo>
      <Campaigns/>
    </Vehicle>
  </CustomerVehicle>
  <CustomerVehicle>
    <Customer>
      <CustomerInfoType>Customer</CustomerInfoType>
      <DMSCustomerNo>14955</DMSCustomerNo>
      <LastName>ANDERSON</LastName>
      <MiddleName/>
      <FirstName>MEGAN</FirstName>
      <FullName>MEGAN ANDERSON</FullName>
      <Salutation>Mr</Salutation>
      <Gender>M</Gender>
      <CardNo>77715</CardNo>
      <Email>MEGANANDERSON@wa.com</Email>
      <Addresses>
        <Address>
          <AddressType>Home</AddressType>
          <Address1>10, Testovskaya str.</Address1>
          <Address2>10, Testovskaya str., Moscow, 123317, Russia</Address2>
          <City>Moscow</City>
          <State>Moscow</State>
          <Country>Russia</Country>
          <ZipCode>123317</ZipCode>
        </Address>
      </Addresses>
      <Contacts>
        <Contact>
          <ContactType>BP</ContactType>
          <ContactValue>+7(495)-149-14-55</ContactValue>
          <ContactMethodYN>N</ContactMethodYN>
        </Contact>
      </Contacts>
      <SpecialMessage>
        <Message/>
      </SpecialMessage>
      <CorporateInfos/>
    </Customer>
    <Vehicle>
      <DMSVehicleNo>1437</DMSVehicleNo>
      <VIN>KM8JUCAC7BU297374</VIN>
      <LastSixVIN>297374</LastSixVIN>
      <StockNumber>U04448</StockNumber>
      <LicensePlateNo>NO4448</LicensePlateNo>
      <Make>HYUNDAI</Make>
      <ModelCode>11 TUCLTD</ModelCode>
      <ModelName>TUCSON</ModelName>
      <ModelYear>2011</ModelYear>
      <LastMileage>43081</LastMileage>
      <Color>BLACK</Color>
      <VehicleType>SUV</VehicleType>
      <EngineType>1.8L I4 FI DO</EngineType>
      <FuelType>Gas</FuelType>
      <Cylinders/>
      <Trim/>
      <FullModelName>TUCSON</FullModelName>
      <InsuranceDate>0001-01-01T00:00:00</InsuranceDate>
      <DateInService>2011-06-20T04:00:00</DateInService>
      <DateDelivered>0001-01-01T00:00:00</DateDelivered>
      <WarrantyStartDate>0001-01-01T00:00:00</WarrantyStartDate>
      <WarrantyMonths/>
      <WarrantyMiles/>
      <LicenseNumber/>
      <LastServiceDate>0001-01-01T00:00:00</LastServiceDate>
      <ExtendedWarranty>0001-01-01T00:00:00</ExtendedWarranty>
      <DeclinedJob/>
      <PendingJob/>
      <DisplayDescription/>
      <ExtendedWarrantyexpiredate>2008-10-28T04:00:00</ExtendedWarrantyexpiredate>
      <EngineNo>51561</EngineNo>
      <Campaigns/>
    </Vehicle>
  </CustomerVehicle>
  <CustomerVehicle>
    <Customer>
      <CustomerInfoType>Customer</CustomerInfoType>
      <DMSCustomerNo>17862</DMSCustomerNo>
      <LastName>KEELE STREET COLLISSION</LastName>
      <MiddleName/>
      <FirstName/>
      <FullName>DAVID/MICHEL</FullName>
      <Salutation>Mr</Salutation>
      <Gender>M</Gender>
      <CardNo>80622</CardNo>
      <Email>DAVID/MICHEL@wa.com</Email>
      <Addresses>
        <Address>
          <AddressType>Home</AddressType>
          <Address1>10, Testovskaya str.</Address1>
          <Address2>10, Testovskaya str., Moscow, 123317, Russia</Address2>
          <City>Moscow</City>
          <State>Moscow</State>
          <Country>Russia</Country>
          <ZipCode>123317</ZipCode>
        </Address>
      </Addresses>
      <Contacts/>
      <SpecialMessage>
        <Message/>
      </SpecialMessage>
      <CorporateInfos/>
    </Customer>
    <Vehicle>
      <DMSVehicleNo>1480</DMSVehicleNo>
      <VIN>KMHWF25S42A547294</VIN>
      <LastSixVIN>547294</LastSixVIN>
      <StockNumber>#017442</StockNumber>
      <LicensePlateNo>#017442</LicensePlateNo>
      <Make>HYUNDAI</Make>
      <ModelCode/>
      <ModelName>SONATA</ModelName>
      <ModelYear>2002</ModelYear>
      <LastMileage>78665</LastMileage>
      <Color>ARCTIC SILVER</Color>
      <VehicleType>UNKNOWN</VehicleType>
      <EngineType>2.5L I4 FI DO</EngineType>
      <FuelType>Gas</FuelType>
      <Cylinders/>
      <Trim/>
      <FullModelName>SONATA</FullModelName>
      <InsuranceDate>0001-01-01T00:00:00</InsuranceDate>
      <DateInService>0001-01-01T00:00:00</DateInService>
      <DateDelivered>0001-01-01T00:00:00</DateDelivered>
      <WarrantyStartDate>0001-01-01T00:00:00</WarrantyStartDate>
      <WarrantyMonths/>
      <WarrantyMiles/>
      <LicenseNumber/>
      <LastServiceDate>0001-01-01T00:00:00</LastServiceDate>
      <ExtendedWarranty>0001-01-01T00:00:00</ExtendedWarranty>
      <DeclinedJob/>
      <PendingJob/>
      <DisplayDescription/>
      <ExtendedWarrantyexpiredate>2008-10-28T04:00:00</ExtendedWarrantyexpiredate>
      <EngineNo>51561</EngineNo>
      <Campaigns/>
    </Vehicle>
  </CustomerVehicle>
  <CustomerVehicle>
    <Customer>
      <CustomerInfoType>Customer</CustomerInfoType>
      <DMSCustomerNo>17245</DMSCustomerNo>
      <LastName>DAVIDSON</LastName>
      <MiddleName/>
      <FirstName>COLIN</FirstName>
      <FullName>COLIN DAVIDSON</FullName>
      <Salutation>Mr</Salutation>
      <Gender>M</Gender>
      <CardNo>80005</CardNo>
      <Email>COLINDAVIDSON@wa.com</Email>
      <Addresses>
        <Address>
          <AddressType>Home</AddressType>
          <Address1>10, Testovskaya str.</Address1>
          <Address2>10, Testovskaya str., Moscow, 123317, Russia</Address2>
          <City>Moscow</City>
          <State>Moscow</State>
          <Country>Russia</Country>
          <ZipCode>123317</ZipCode>
        </Address>
      </Addresses>
      <Contacts>
        <Contact>
          <ContactType>BP</ContactType>
          <ContactValue>+7(495)-172-17-45</ContactValue>
          <ContactMethodYN>N</ContactMethodYN>
        </Contact>
      </Contacts>
      <SpecialMessage>
        <Message/>
      </SpecialMessage>
      <CorporateInfos/>
    </Customer>
    <Vehicle>
      <DMSVehicleNo>1488</DMSVehicleNo>
      <VIN>5NPET46F07H277955</VIN>
      <LastSixVIN>277955</LastSixVIN>
      <StockNumber>N8385</StockNumber>
      <LicensePlateNo>NO8385</LicensePlateNo>
      <Make>HYUNDAI</Make>
      <ModelCode/>
      <ModelName>SONATA</ModelName>
      <ModelYear>2007</ModelYear>
      <LastMileage>15</LastMileage>
      <Color>ARCTIC SILVER</Color>
      <VehicleType>UNKNOWN</VehicleType>
      <EngineType>2.5L I4 FI DO</EngineType>
      <FuelType>Gas</FuelType>
      <Cylinders/>
      <Trim/>
      <FullModelName>SONATA</FullModelName>
      <InsuranceDate>0001-01-01T00:00:00</InsuranceDate>
      <DateInService>0001-01-01T00:00:00</DateInService>
      <DateDelivered>0001-01-01T00:00:00</DateDelivered>
      <WarrantyStartDate>0001-01-01T00:00:00</WarrantyStartDate>
      <WarrantyMonths/>
      <WarrantyMiles/>
      <LicenseNumber/>
      <LastServiceDate>0001-01-01T00:00:00</LastServiceDate>
      <ExtendedWarranty>0001-01-01T00:00:00</ExtendedWarranty>
      <DeclinedJob/>
      <PendingJob/>
      <DisplayDescription/>
      <ExtendedWarrantyexpiredate>2008-10-28T04:00:00</ExtendedWarrantyexpiredate>
      <EngineNo>51561</EngineNo>
      <Campaigns/>
    </Vehicle>
  </CustomerVehicle>
</CustomerVehicles>
