﻿<Employees>
  <Employee>
    <DMSEmployeeNo>1</DMSEmployeeNo>
    <LastName/>
    <MiddleName/>
    <FirstName>SN</FirstName>
    <FullName>SN</FullName>
    <Salution>Mr</Salution>
    <Gender>M</Gender>
    <Language>RU</Language>
    <SkillsetString>Special</SkillsetString>
    <Title/>
    <MobileNumber>+7(495)-374-37-48</MobileNumber>
    <PhoneNumber>+7(166)-748-37-37</PhoneNumber>
    <Email>SN@wa.com</Email>
    <LoginID>SN</LoginID>
    <LoginPassword>19ac753101c8870b8e667480a40dcf1e7f224832e76d8e55aeb7b182a3ca7082</LoginPassword>
    <EmployeeStatus>Work</EmployeeStatus>
    <Group>None</Group>
    <ManagementFields>
      <CreateDateTimeUTC>2015-05-30T21:35:25.607</CreateDateTimeUTC>
      <LastModifiedDateTimeUTC>2015-05-30T21:35:25.607</LastModifiedDateTimeUTC>
    </ManagementFields>
    <Roles>
      <Role>
        <RoleName>TC</RoleName>
        <RoleUserID>SN</RoleUserID>
      </Role>
      <Role>
        <RoleName>SA</RoleName>
        <RoleUserID>SN</RoleUserID>
      </Role>
    </Roles>
  </Employee>
  <Employee>
    <DMSEmployeeNo>2</DMSEmployeeNo>
    <LastName/>
    <MiddleName/>
    <FirstName>999</FirstName>
    <FullName>999</FullName>
    <Salution>Mr</Salution>
    <Gender>M</Gender>
    <Language>RU</Language>
    <SkillsetString>Special</SkillsetString>
    <Title/>
    <MobileNumber>+7(495)-374-37-49</MobileNumber>
    <PhoneNumber>+7(166)-749-37-37</PhoneNumber>
    <Email>999@wa.com</Email>
    <LoginID>999</LoginID>
    <LoginPassword>83cf8b609de60036a8277bd0e96135751bbc07eb234256d4b65b893360651bf2</LoginPassword>
    <EmployeeStatus>Work</EmployeeStatus>
    <Group>None</Group>
    <ManagementFields>
      <CreateDateTimeUTC>2015-05-30T21:35:25.607</CreateDateTimeUTC>
      <LastModifiedDateTimeUTC>2015-05-30T21:35:25.607</LastModifiedDateTimeUTC>
    </ManagementFields>
    <Roles>
      <Role>
        <RoleName>SA</RoleName>
        <RoleUserID>999</RoleUserID>
      </Role>
    </Roles>
  </Employee>
  <Employee>
    <DMSEmployeeNo>3</DMSEmployeeNo>
    <LastName/>
    <MiddleName/>
    <FirstName>gs</FirstName>
    <FullName>gs</FullName>
    <Salution>Mr</Salution>
    <Gender>M</Gender>
    <Language>RU</Language>
    <SkillsetString>Maintenance</SkillsetString>
    <Title/>
    <MobileNumber>+7(495)-375-37-50</MobileNumber>
    <PhoneNumber>+7(166)-750-37-37</PhoneNumber>
    <Email>gs@wa.com</Email>
    <LoginID>GS</LoginID>
    <LoginPassword>7a5443b6636713baa6350c1cf3ec620b2771a8d411ea3180c5d46b502b9ab77d</LoginPassword>
    <EmployeeStatus>Work</EmployeeStatus>
    <Group>None</Group>
    <ManagementFields>
      <CreateDateTimeUTC>2015-05-30T21:35:25.607</CreateDateTimeUTC>
      <LastModifiedDateTimeUTC>2015-05-30T21:35:25.607</LastModifiedDateTimeUTC>
    </ManagementFields>
    <Roles>
      <Role>
        <RoleName>TC</RoleName>
        <RoleUserID>GS</RoleUserID>
      </Role>
      <Role>
        <RoleName>SA</RoleName>
        <RoleUserID>GS</RoleUserID>
      </Role>
    </Roles>
  </Employee>
  <Employee>
    <DMSEmployeeNo>4</DMSEmployeeNo>
    <LastName/>
    <MiddleName/>
    <FirstName>ANA</FirstName>
    <FullName>ANA</FullName>
    <Salution>Mr</Salution>
    <Gender>M</Gender>
    <Language>RU</Language>
    <SkillsetString>Maintenance</SkillsetString>
    <Title/>
    <MobileNumber>+7(495)-375-37-51</MobileNumber>
    <PhoneNumber>+7(166)-751-37-37</PhoneNumber>
    <Email>ANA@wa.com</Email>
    <LoginID>ANA</LoginID>
    <LoginPassword>482673bdd029354608338c077b71e987ba5571dfe7cd87329c50df73eae34fac</LoginPassword>
    <EmployeeStatus>Work</EmployeeStatus>
    <Group>None</Group>
    <ManagementFields>
      <CreateDateTimeUTC>2015-05-30T21:35:25.607</CreateDateTimeUTC>
      <LastModifiedDateTimeUTC>2015-05-30T21:35:25.607</LastModifiedDateTimeUTC>
    </ManagementFields>
    <Roles>
      <Role>
        <RoleName>SA</RoleName>
        <RoleUserID>ANA</RoleUserID>
      </Role>
    </Roles>
  </Employee>
  <Employee>
    <DMSEmployeeNo>5</DMSEmployeeNo>
    <LastName>Robinson</LastName>
    <MiddleName/>
    <FirstName>Catherine</FirstName>
    <FullName>Catherine Robinson</FullName>
    <Salution>Mr</Salution>
    <Gender>M</Gender>
    <Language>RU</Language>
    <SkillsetString>Maintenance</SkillsetString>
    <Title>Robinson</Title>
    <MobileNumber>+7(495)-375-37-52</MobileNumber>
    <PhoneNumber>+7(166)-752-37-37</PhoneNumber>
    <Email>CatherineRobinson@wa.com</Email>
    <LoginID>36</LoginID>
    <LoginPassword>76a50887d8f1c2e9301755428990ad81479ee21c25b43215cf524541e0503269</LoginPassword>
    <EmployeeStatus>Work</EmployeeStatus>
    <Group>None</Group>
    <ManagementFields>
      <CreateDateTimeUTC>2015-05-30T21:35:25.607</CreateDateTimeUTC>
      <LastModifiedDateTimeUTC>2015-05-30T21:35:25.607</LastModifiedDateTimeUTC>
    </ManagementFields>
    <Roles>
      <Role>
        <RoleName>TC</RoleName>
        <RoleUserID>36</RoleUserID>
      </Role>
    </Roles>
  </Employee>
  <Employee>
    <DMSEmployeeNo>6</DMSEmployeeNo>
    <LastName>Diaz</LastName>
    <MiddleName/>
    <FirstName>Gerald</FirstName>
    <FullName>Gerald Diaz</FullName>
    <Salution>Mr</Salution>
    <Gender>M</Gender>
    <Language>RU</Language>
    <SkillsetString>Maintenance</SkillsetString>
    <Title>Diaz</Title>
    <MobileNumber>+7(495)-375-37-53</MobileNumber>
    <PhoneNumber>+7(166)-753-37-37</PhoneNumber>
    <Email>GeraldDiaz@wa.com</Email>
    <LoginID>101</LoginID>
    <LoginPassword>16dc368a89b428b2485484313ba67a3912ca03f2b2b42429174a4f8b3dc84e44</LoginPassword>
    <EmployeeStatus>Work</EmployeeStatus>
    <Group>None</Group>
    <ManagementFields>
      <CreateDateTimeUTC>2015-05-30T21:35:25.607</CreateDateTimeUTC>
      <LastModifiedDateTimeUTC>2015-05-30T21:35:25.607</LastModifiedDateTimeUTC>
    </ManagementFields>
    <Roles>
      <Role>
        <RoleName>SA</RoleName>
        <RoleUserID>101</RoleUserID>
      </Role>
    </Roles>
  </Employee>
  <Employee>
    <DMSEmployeeNo>7</DMSEmployeeNo>
    <LastName>Ward</LastName>
    <MiddleName/>
    <FirstName>Brandon</FirstName>
    <FullName>Brandon Ward</FullName>
    <Salution>Mr</Salution>
    <Gender>M</Gender>
    <Language>RU</Language>
    <SkillsetString>Maintenance</SkillsetString>
    <Title>Ward</Title>
    <MobileNumber>+7(495)-375-37-54</MobileNumber>
    <PhoneNumber>+7(166)-754-37-37</PhoneNumber>
    <Email>BrandonWard@wa.com</Email>
    <LoginID>104</LoginID>
    <LoginPassword>5ef6fdf32513aa7cd11f72beccf132b9224d33f271471fff402742887a171edf</LoginPassword>
    <EmployeeStatus>Work</EmployeeStatus>
    <Group>None</Group>
    <ManagementFields>
      <CreateDateTimeUTC>2015-05-30T21:35:25.607</CreateDateTimeUTC>
      <LastModifiedDateTimeUTC>2015-05-30T21:35:25.607</LastModifiedDateTimeUTC>
    </ManagementFields>
    <Roles>
      <Role>
        <RoleName>SA</RoleName>
        <RoleUserID>104</RoleUserID>
      </Role>
    </Roles>
  </Employee>
  <Employee>
    <DMSEmployeeNo>8</DMSEmployeeNo>
    <LastName>Clark</LastName>
    <MiddleName/>
    <FirstName>Shawn</FirstName>
    <FullName>Shawn Clark</FullName>
    <Salution>Mr</Salution>
    <Gender>M</Gender>
    <Language>RU</Language>
    <SkillsetString>Maintenance</SkillsetString>
    <Title>Clark</Title>
    <MobileNumber>+7(495)-375-37-55</MobileNumber>
    <PhoneNumber>+7(166)-755-37-37</PhoneNumber>
    <Email>ShawnClark@wa.com</Email>
    <LoginID>10</LoginID>
    <LoginPassword>4a44dc15364204a80fe80e9039455cc1608281820fe2b24f1e5233ade6af1dd5</LoginPassword>
    <EmployeeStatus>Work</EmployeeStatus>
    <Group>None</Group>
    <ManagementFields>
      <CreateDateTimeUTC>2015-05-30T21:35:25.607</CreateDateTimeUTC>
      <LastModifiedDateTimeUTC>2015-05-30T21:35:25.607</LastModifiedDateTimeUTC>
    </ManagementFields>
    <Roles>
      <Role>
        <RoleName>TC</RoleName>
        <RoleUserID>10</RoleUserID>
      </Role>
      <Role>
        <RoleName>TA</RoleName>
        <RoleUserID>10</RoleUserID>
      </Role>
    </Roles>
  </Employee>
  <Employee>
    <DMSEmployeeNo>9</DMSEmployeeNo>
    <LastName>Sanders</LastName>
    <MiddleName/>
    <FirstName>Jean</FirstName>
    <FullName>Jean Sanders</FullName>
    <Salution>Mr</Salution>
    <Gender>M</Gender>
    <Language>RU</Language>
    <SkillsetString>Maintenance</SkillsetString>
    <Title>Sanders</Title>
    <MobileNumber>+7(495)-375-37-56</MobileNumber>
    <PhoneNumber>+7(166)-756-37-37</PhoneNumber>
    <Email>JeanSanders@wa.com</Email>
    <LoginID>49</LoginID>
    <LoginPassword>0e17daca5f3e175f448bacace3bc0da47d0655a74c8dd0dc497a3afbdad95f1f</LoginPassword>
    <EmployeeStatus>Work</EmployeeStatus>
    <Group>None</Group>
    <ManagementFields>
      <CreateDateTimeUTC>2015-05-30T21:35:25.607</CreateDateTimeUTC>
      <LastModifiedDateTimeUTC>2015-05-30T21:35:25.607</LastModifiedDateTimeUTC>
    </ManagementFields>
    <Roles>
      <Role>
        <RoleName>TC</RoleName>
        <RoleUserID>49</RoleUserID>
      </Role>
      <Role>
        <RoleName>TA</RoleName>
        <RoleUserID>49</RoleUserID>
      </Role>
    </Roles>
  </Employee>
  <Employee>
    <DMSEmployeeNo>10</DMSEmployeeNo>
    <LastName/>
    <MiddleName/>
    <FirstName>JLAG</FirstName>
    <FullName>JLAG</FullName>
    <Salution>Mr</Salution>
    <Gender>M</Gender>
    <Language>RU</Language>
    <SkillsetString>Maintenance</SkillsetString>
    <Title/>
    <MobileNumber>+7(495)-375-37-57</MobileNumber>
    <PhoneNumber>+7(166)-757-37-37</PhoneNumber>
    <Email>JLAG@wa.com</Email>
    <LoginID>JLAG</LoginID>
    <LoginPassword>6b86b273ff34fce19d6b804eff5a3f5747ada4eaa22f1d49c01e52ddb7875b4b</LoginPassword>
    <EmployeeStatus>Work</EmployeeStatus>
    <Group>None</Group>
    <ManagementFields>
      <CreateDateTimeUTC>2015-05-30T21:35:25.607</CreateDateTimeUTC>
      <LastModifiedDateTimeUTC>2015-05-30T21:35:25.607</LastModifiedDateTimeUTC>
    </ManagementFields>
    <Roles>
      <Role>
        <RoleName>WM</RoleName>
        <RoleUserID>JLAG</RoleUserID>
      </Role>
    </Roles>
  </Employee>
  <Employee>
    <DMSEmployeeNo>11</DMSEmployeeNo>
    <LastName/>
    <MiddleName/>
    <FirstName>RP</FirstName>
    <FullName>RP</FullName>
    <Salution>Mr</Salution>
    <Gender>M</Gender>
    <Language>RU</Language>
    <SkillsetString>Special</SkillsetString>
    <Title/>
    <MobileNumber>+7(495)-375-37-58</MobileNumber>
    <PhoneNumber>+7(166)-758-37-37</PhoneNumber>
    <Email>RP@wa.com</Email>
    <LoginID>RP</LoginID>
    <LoginPassword>dcd3491f84f8ffc1bd6e66c68f6abd0bcae2e8aa520a1748c8f01b0f90609dc7</LoginPassword>
    <EmployeeStatus>Work</EmployeeStatus>
    <Group>None</Group>
    <ManagementFields>
      <CreateDateTimeUTC>2015-05-30T21:35:25.607</CreateDateTimeUTC>
      <LastModifiedDateTimeUTC>2015-05-30T21:35:25.607</LastModifiedDateTimeUTC>
    </ManagementFields>
    <Roles>
      <Role>
        <RoleName>TC</RoleName>
        <RoleUserID>RP</RoleUserID>
      </Role>
      <Role>
        <RoleName>SA</RoleName>
        <RoleUserID>RP</RoleUserID>
      </Role>
    </Roles>
  </Employee>
  <Employee>
    <DMSEmployeeNo>12</DMSEmployeeNo>
    <LastName/>
    <MiddleName/>
    <FirstName>ACCT06</FirstName>
    <FullName>ACCT06</FullName>
    <Salution>Mr</Salution>
    <Gender>M</Gender>
    <Language>RU</Language>
    <SkillsetString>Special</SkillsetString>
    <Title/>
    <MobileNumber>+7(495)-375-37-59</MobileNumber>
    <PhoneNumber>+7(166)-759-37-37</PhoneNumber>
    <Email>ACCT06@wa.com</Email>
    <LoginID>AG</LoginID>
    <LoginPassword>c8352cd91bdc111bcef9ad394cbae55e8c10d61ba96ed513b579f72d96113eda</LoginPassword>
    <EmployeeStatus>Work</EmployeeStatus>
    <Group>None</Group>
    <ManagementFields>
      <CreateDateTimeUTC>2015-05-30T21:35:25.607</CreateDateTimeUTC>
      <LastModifiedDateTimeUTC>2015-05-30T21:35:25.607</LastModifiedDateTimeUTC>
    </ManagementFields>
    <Roles>
      <Role>
        <RoleName>TC</RoleName>
        <RoleUserID>AG</RoleUserID>
      </Role>
      <Role>
        <RoleName>SA</RoleName>
        <RoleUserID>AG</RoleUserID>
      </Role>
    </Roles>
  </Employee>
  <Employee>
    <DMSEmployeeNo>13</DMSEmployeeNo>
    <LastName/>
    <MiddleName/>
    <FirstName>38</FirstName>
    <FullName>38</FullName>
    <Salution>Mr</Salution>
    <Gender>M</Gender>
    <Language>RU</Language>
    <SkillsetString>Maintenance</SkillsetString>
    <Title/>
    <MobileNumber>+7(495)-376-37-60</MobileNumber>
    <PhoneNumber>+7(166)-760-37-37</PhoneNumber>
    <Email>38@wa.com</Email>
    <LoginID>38</LoginID>
    <LoginPassword>aea92132c4cbeb263e6ac2bf6c183b5d81737f179f21efdc5863739672f0f470</LoginPassword>
    <EmployeeStatus>Work</EmployeeStatus>
    <Group>None</Group>
    <ManagementFields>
      <CreateDateTimeUTC>2015-05-30T21:35:25.607</CreateDateTimeUTC>
      <LastModifiedDateTimeUTC>2015-05-30T21:35:25.607</LastModifiedDateTimeUTC>
    </ManagementFields>
    <Roles>
      <Role>
        <RoleName>TC</RoleName>
        <RoleUserID>38</RoleUserID>
      </Role>
      <Role>
        <RoleName>SA</RoleName>
        <RoleUserID>38</RoleUserID>
      </Role>
    </Roles>
  </Employee>
  <Employee>
    <DMSEmployeeNo>14</DMSEmployeeNo>
    <LastName>Hill</LastName>
    <MiddleName/>
    <FirstName>Jacqueline</FirstName>
    <FullName>Jacqueline Hill</FullName>
    <Salution>Mr</Salution>
    <Gender>M</Gender>
    <Language>RU</Language>
    <SkillsetString>Maintenance</SkillsetString>
    <Title>Hill</Title>
    <MobileNumber>+7(495)-376-37-61</MobileNumber>
    <PhoneNumber>+7(166)-761-37-37</PhoneNumber>
    <Email>JacquelineHill@wa.com</Email>
    <LoginID>RW</LoginID>
    <LoginPassword>6b86b273ff34fce19d6b804eff5a3f5747ada4eaa22f1d49c01e52ddb7875b4b</LoginPassword>
    <EmployeeStatus>Work</EmployeeStatus>
    <Group>None</Group>
    <ManagementFields>
      <CreateDateTimeUTC>2015-05-30T21:35:25.607</CreateDateTimeUTC>
      <LastModifiedDateTimeUTC>2015-05-30T21:35:25.607</LastModifiedDateTimeUTC>
    </ManagementFields>
    <Roles>
      <Role>
        <RoleName>TC</RoleName>
        <RoleUserID>RW</RoleUserID>
      </Role>
      <Role>
        <RoleName>SA</RoleName>
        <RoleUserID>RW</RoleUserID>
      </Role>
    </Roles>
  </Employee>
  <Employee>
    <DMSEmployeeNo>15</DMSEmployeeNo>
    <LastName/>
    <MiddleName/>
    <FirstName>ZM</FirstName>
    <FullName>ZM</FullName>
    <Salution>Mr</Salution>
    <Gender>M</Gender>
    <Language>RU</Language>
    <SkillsetString>Maintenance</SkillsetString>
    <Title/>
    <MobileNumber>+7(495)-376-37-62</MobileNumber>
    <PhoneNumber>+7(166)-762-37-37</PhoneNumber>
    <Email>ZM@wa.com</Email>
    <LoginID>ZM</LoginID>
    <LoginPassword>837e0bab02bfe616e5ae46c4bd4c093bbcfa44d62a33dc0c6dbc08488686dbdb</LoginPassword>
    <EmployeeStatus>Work</EmployeeStatus>
    <Group>None</Group>
    <ManagementFields>
      <CreateDateTimeUTC>2015-05-30T21:35:25.607</CreateDateTimeUTC>
      <LastModifiedDateTimeUTC>2015-05-30T21:35:25.607</LastModifiedDateTimeUTC>
    </ManagementFields>
    <Roles>
      <Role>
        <RoleName>TC</RoleName>
        <RoleUserID>ZM</RoleUserID>
      </Role>
    </Roles>
  </Employee>
  <Employee>
    <DMSEmployeeNo>16</DMSEmployeeNo>
    <LastName>Cook</LastName>
    <MiddleName/>
    <FirstName>Heather</FirstName>
    <FullName>Heather Cook</FullName>
    <Salution>Mr</Salution>
    <Gender>M</Gender>
    <Language>RU</Language>
    <SkillsetString>Maintenance</SkillsetString>
    <Title>Cook</Title>
    <MobileNumber>+7(495)-376-37-63</MobileNumber>
    <PhoneNumber>+7(166)-763-37-37</PhoneNumber>
    <Email>HeatherCook@wa.com</Email>
    <LoginID>PL</LoginID>
    <LoginPassword>6b86b273ff34fce19d6b804eff5a3f5747ada4eaa22f1d49c01e52ddb7875b4b</LoginPassword>
    <EmployeeStatus>Work</EmployeeStatus>
    <Group>None</Group>
    <ManagementFields>
      <CreateDateTimeUTC>2015-05-30T21:35:25.607</CreateDateTimeUTC>
      <LastModifiedDateTimeUTC>2015-05-30T21:35:25.607</LastModifiedDateTimeUTC>
    </ManagementFields>
    <Roles>
      <Role>
        <RoleName>TC</RoleName>
        <RoleUserID>PL</RoleUserID>
      </Role>
      <Role>
        <RoleName>TA</RoleName>
        <RoleUserID>PL</RoleUserID>
      </Role>
    </Roles>
  </Employee>
  <Employee>
    <DMSEmployeeNo>17</DMSEmployeeNo>
    <LastName/>
    <MiddleName/>
    <FirstName>RF</FirstName>
    <FullName>RF</FullName>
    <Salution>Mr</Salution>
    <Gender>M</Gender>
    <Language>RU</Language>
    <SkillsetString>Maintenance</SkillsetString>
    <Title/>
    <MobileNumber>+7(495)-376-37-64</MobileNumber>
    <PhoneNumber>+7(166)-764-37-37</PhoneNumber>
    <Email>RF@wa.com</Email>
    <LoginID>RF</LoginID>
    <LoginPassword>585f45ee4ce012e226f215a77a041b3bbf31ba949279f21c66978c44552b214c</LoginPassword>
    <EmployeeStatus>Work</EmployeeStatus>
    <Group>None</Group>
    <ManagementFields>
      <CreateDateTimeUTC>2015-05-30T21:35:25.607</CreateDateTimeUTC>
      <LastModifiedDateTimeUTC>2015-05-30T21:35:25.607</LastModifiedDateTimeUTC>
    </ManagementFields>
    <Roles>
      <Role>
        <RoleName>TC</RoleName>
        <RoleUserID>RF</RoleUserID>
      </Role>
      <Role>
        <RoleName>TA</RoleName>
        <RoleUserID>RF</RoleUserID>
      </Role>
    </Roles>
  </Employee>
  <Employee>
    <DMSEmployeeNo>18</DMSEmployeeNo>
    <LastName>Parker</LastName>
    <MiddleName/>
    <FirstName>Linda</FirstName>
    <FullName>Linda Parker</FullName>
    <Salution>Mr</Salution>
    <Gender>M</Gender>
    <Language>RU</Language>
    <SkillsetString>Maintenance</SkillsetString>
    <Title>Parker</Title>
    <MobileNumber>+7(495)-376-37-65</MobileNumber>
    <PhoneNumber>+7(166)-765-37-37</PhoneNumber>
    <Email>LindaParker@wa.com</Email>
    <LoginID>59</LoginID>
    <LoginPassword>3e1e967e9b793e908f8eae83c74dba9bcccce6a5535b4b462bd9994537bfe15c</LoginPassword>
    <EmployeeStatus>Work</EmployeeStatus>
    <Group>None</Group>
    <ManagementFields>
      <CreateDateTimeUTC>2015-05-30T21:35:25.607</CreateDateTimeUTC>
      <LastModifiedDateTimeUTC>2015-05-30T21:35:25.607</LastModifiedDateTimeUTC>
    </ManagementFields>
    <Roles>
      <Role>
        <RoleName>TC</RoleName>
        <RoleUserID>59</RoleUserID>
      </Role>
      <Role>
        <RoleName>TA</RoleName>
        <RoleUserID>59</RoleUserID>
      </Role>
    </Roles>
  </Employee>
  <Employee>
    <DMSEmployeeNo>19</DMSEmployeeNo>
    <LastName>Moore</LastName>
    <MiddleName/>
    <FirstName>Susan</FirstName>
    <FullName>Susan Moore</FullName>
    <Salution>Mr</Salution>
    <Gender>M</Gender>
    <Language>RU</Language>
    <SkillsetString>Maintenance</SkillsetString>
    <Title>Moore</Title>
    <MobileNumber>+7(495)-376-37-66</MobileNumber>
    <PhoneNumber>+7(166)-766-37-37</PhoneNumber>
    <Email>SusanMoore@wa.com</Email>
    <LoginID>106</LoginID>
    <LoginPassword>482d9673cfee5de391f97fde4d1c84f9f8d6f2cf0784fcffb958b4032de7236c</LoginPassword>
    <EmployeeStatus>Work</EmployeeStatus>
    <Group>None</Group>
    <ManagementFields>
      <CreateDateTimeUTC>2015-05-30T21:35:25.607</CreateDateTimeUTC>
      <LastModifiedDateTimeUTC>2015-05-30T21:35:25.607</LastModifiedDateTimeUTC>
    </ManagementFields>
    <Roles>
      <Role>
        <RoleName>SA</RoleName>
        <RoleUserID>106</RoleUserID>
      </Role>
    </Roles>
  </Employee>
  <Employee>
    <DMSEmployeeNo>20</DMSEmployeeNo>
    <LastName/>
    <MiddleName/>
    <FirstName>AF</FirstName>
    <FullName>AF</FullName>
    <Salution>Mr</Salution>
    <Gender>M</Gender>
    <Language>RU</Language>
    <SkillsetString>Maintenance</SkillsetString>
    <Title/>
    <MobileNumber>+7(495)-376-37-67</MobileNumber>
    <PhoneNumber>+7(166)-767-37-37</PhoneNumber>
    <Email>AF@wa.com</Email>
    <LoginID>AF</LoginID>
    <LoginPassword>9b31d4edf386cb24248c71da624c02f71e3565d3a3c4e565f921fb851d5b58bc</LoginPassword>
    <EmployeeStatus>Work</EmployeeStatus>
    <Group>None</Group>
    <ManagementFields>
      <CreateDateTimeUTC>2015-05-30T21:35:25.607</CreateDateTimeUTC>
      <LastModifiedDateTimeUTC>2015-05-30T21:35:25.607</LastModifiedDateTimeUTC>
    </ManagementFields>
    <Roles>
      <Role>
        <RoleName>TC</RoleName>
        <RoleUserID>AF</RoleUserID>
      </Role>
      <Role>
        <RoleName>SA</RoleName>
        <RoleUserID>AF</RoleUserID>
      </Role>
    </Roles>
  </Employee>
  <Employee>
    <DMSEmployeeNo>21</DMSEmployeeNo>
    <LastName/>
    <MiddleName/>
    <FirstName>QK</FirstName>
    <FullName>QK</FullName>
    <Salution>Mr</Salution>
    <Gender>M</Gender>
    <Language>RU</Language>
    <SkillsetString>Special</SkillsetString>
    <Title/>
    <MobileNumber>+7(495)-376-37-68</MobileNumber>
    <PhoneNumber>+7(166)-768-37-37</PhoneNumber>
    <Email>QK@wa.com</Email>
    <LoginID>QK</LoginID>
    <LoginPassword>240a0342beeae4f800d130dbc8f665f090c6fb7eda79b8c77a4e6282cff8337d</LoginPassword>
    <EmployeeStatus>Work</EmployeeStatus>
    <Group>None</Group>
    <ManagementFields>
      <CreateDateTimeUTC>2015-05-30T21:35:25.607</CreateDateTimeUTC>
      <LastModifiedDateTimeUTC>2015-05-30T21:35:25.607</LastModifiedDateTimeUTC>
    </ManagementFields>
    <Roles>
      <Role>
        <RoleName>TC</RoleName>
        <RoleUserID>QK</RoleUserID>
      </Role>
      <Role>
        <RoleName>SA</RoleName>
        <RoleUserID>QK</RoleUserID>
      </Role>
    </Roles>
  </Employee>
  <Employee>
    <DMSEmployeeNo>22</DMSEmployeeNo>
    <LastName>Cox</LastName>
    <MiddleName/>
    <FirstName>William</FirstName>
    <FullName>Ростислав Семён</FullName>
    <Salution>Mr</Salution>
    <Gender>M</Gender>
    <Language>RU</Language>
    <SkillsetString>Special</SkillsetString>
    <Title>Cox</Title>
    <MobileNumber>+7(495)-376-37-69</MobileNumber>
    <PhoneNumber>+7(166)-769-37-37</PhoneNumber>
    <Email>РостиславСемён@wa.com</Email>
    <LoginID>RN</LoginID>
    <LoginPassword>6b86b273ff34fce19d6b804eff5a3f5747ada4eaa22f1d49c01e52ddb7875b4b</LoginPassword>
    <EmployeeStatus>Work</EmployeeStatus>
    <Group>None</Group>
    <ManagementFields>
      <CreateDateTimeUTC>2015-05-30T21:35:25.607</CreateDateTimeUTC>
      <LastModifiedDateTimeUTC>2015-05-30T21:35:25.607</LastModifiedDateTimeUTC>
    </ManagementFields>
    <Roles>
      <Role>
        <RoleName>TC</RoleName>
        <RoleUserID>RN</RoleUserID>
      </Role>
      <Role>
        <RoleName>SA</RoleName>
        <RoleUserID>RN</RoleUserID>
      </Role>
    </Roles>
  </Employee>
  <Employee>
    <DMSEmployeeNo>23</DMSEmployeeNo>
    <LastName>HAC1</LastName>
    <MiddleName/>
    <FirstName>HAC1</FirstName>
    <FullName>Тимофей Трофим</FullName>
    <Salution>Mr</Salution>
    <Gender>M</Gender>
    <Language>RU</Language>
    <SkillsetString>Maintenance</SkillsetString>
    <Title>HAC1</Title>
    <MobileNumber>+7(495)-377-37-70</MobileNumber>
    <PhoneNumber>+7(166)-770-37-37</PhoneNumber>
    <Email>ТимофейТрофим@wa.com</Email>
    <LoginID>001</LoginID>
    <LoginPassword>af15da32dc7899aa81679c254e3ca17e456bcfe4b485f011254f04bb2db035b0</LoginPassword>
    <EmployeeStatus>Work</EmployeeStatus>
    <Group>None</Group>
    <ManagementFields>
      <CreateDateTimeUTC>2015-05-30T21:35:25.607</CreateDateTimeUTC>
      <LastModifiedDateTimeUTC>2015-05-30T21:35:25.607</LastModifiedDateTimeUTC>
    </ManagementFields>
    <Roles>
      <Role>
        <RoleName>SA</RoleName>
        <RoleUserID>001</RoleUserID>
      </Role>
    </Roles>
  </Employee>
  <Employee>
    <DMSEmployeeNo>24</DMSEmployeeNo>
    <LastName>Butler</LastName>
    <MiddleName/>
    <FirstName>Judith</FirstName>
    <FullName>Judith Butler</FullName>
    <Salution>Mr</Salution>
    <Gender>M</Gender>
    <Language>RU</Language>
    <SkillsetString>Maintenance</SkillsetString>
    <Title>Butler</Title>
    <MobileNumber>+7(495)-377-37-71</MobileNumber>
    <PhoneNumber>+7(166)-771-37-37</PhoneNumber>
    <Email>JudithButler@wa.com</Email>
    <LoginID>107</LoginID>
    <LoginPassword>3346f2bbf6c34bd2dbe28bd1bb657d0e9c37392a1d5ec9929e6a5df4763ddc2d</LoginPassword>
    <EmployeeStatus>Work</EmployeeStatus>
    <Group>None</Group>
    <ManagementFields>
      <CreateDateTimeUTC>2015-05-30T21:35:25.607</CreateDateTimeUTC>
      <LastModifiedDateTimeUTC>2015-05-30T21:35:25.607</LastModifiedDateTimeUTC>
    </ManagementFields>
    <Roles>
      <Role>
        <RoleName>SA</RoleName>
        <RoleUserID>107</RoleUserID>
      </Role>
    </Roles>
  </Employee>
  <Employee>
    <DMSEmployeeNo>25</DMSEmployeeNo>
    <LastName/>
    <MiddleName/>
    <FirstName>SC</FirstName>
    <FullName>SC</FullName>
    <Salution>Mr</Salution>
    <Gender>M</Gender>
    <Language>RU</Language>
    <SkillsetString>Maintenance</SkillsetString>
    <Title/>
    <MobileNumber>+7(495)-377-37-72</MobileNumber>
    <PhoneNumber>+7(166)-772-37-37</PhoneNumber>
    <Email>SC@wa.com</Email>
    <LoginID>SC</LoginID>
    <LoginPassword>32da6721804f1dd3226c0551970304ebf1059ec19a27451426541027861c9388</LoginPassword>
    <EmployeeStatus>Work</EmployeeStatus>
    <Group>None</Group>
    <ManagementFields>
      <CreateDateTimeUTC>2015-05-30T21:35:25.607</CreateDateTimeUTC>
      <LastModifiedDateTimeUTC>2015-05-30T21:35:25.607</LastModifiedDateTimeUTC>
    </ManagementFields>
    <Roles>
      <Role>
        <RoleName>TC</RoleName>
        <RoleUserID>SC</RoleUserID>
      </Role>
    </Roles>
  </Employee>
  <Employee>
    <DMSEmployeeNo>26</DMSEmployeeNo>
    <LastName/>
    <MiddleName/>
    <FirstName>MS</FirstName>
    <FullName>MS</FullName>
    <Salution>Mr</Salution>
    <Gender>M</Gender>
    <Language>RU</Language>
    <SkillsetString>Maintenance</SkillsetString>
    <Title/>
    <MobileNumber>+7(495)-377-37-73</MobileNumber>
    <PhoneNumber>+7(166)-773-37-37</PhoneNumber>
    <Email>MS@wa.com</Email>
    <LoginID>MS</LoginID>
    <LoginPassword>4d95e550b47c0122b96cf2a846ab3ae30759457fdd3a719a7e47ad5e7d269379</LoginPassword>
    <EmployeeStatus>Work</EmployeeStatus>
    <Group>None</Group>
    <ManagementFields>
      <CreateDateTimeUTC>2015-05-30T21:35:25.607</CreateDateTimeUTC>
      <LastModifiedDateTimeUTC>2015-05-30T21:35:25.607</LastModifiedDateTimeUTC>
    </ManagementFields>
    <Roles>
      <Role>
        <RoleName>TC</RoleName>
        <RoleUserID>MS</RoleUserID>
      </Role>
      <Role>
        <RoleName>TA</RoleName>
        <RoleUserID>MS</RoleUserID>
      </Role>
    </Roles>
  </Employee>
  <Employee>
    <DMSEmployeeNo>27</DMSEmployeeNo>
    <LastName/>
    <MiddleName/>
    <FirstName>fw</FirstName>
    <FullName>fw</FullName>
    <Salution>Mr</Salution>
    <Gender>M</Gender>
    <Language>RU</Language>
    <SkillsetString>Maintenance</SkillsetString>
    <Title/>
    <MobileNumber>+7(495)-377-37-74</MobileNumber>
    <PhoneNumber>+7(166)-774-37-37</PhoneNumber>
    <Email>fw@wa.com</Email>
    <LoginID>FU</LoginID>
    <LoginPassword>07f7ab476bc3a83fad639d34a012cb4a5f859441f0d24c11627ca96696839012</LoginPassword>
    <EmployeeStatus>Work</EmployeeStatus>
    <Group>None</Group>
    <ManagementFields>
      <CreateDateTimeUTC>2015-05-30T21:35:25.607</CreateDateTimeUTC>
      <LastModifiedDateTimeUTC>2015-05-30T21:35:25.607</LastModifiedDateTimeUTC>
    </ManagementFields>
    <Roles>
      <Role>
        <RoleName>TC</RoleName>
        <RoleUserID>FU</RoleUserID>
      </Role>
      <Role>
        <RoleName>TA</RoleName>
        <RoleUserID>FU</RoleUserID>
      </Role>
    </Roles>
  </Employee>
  <Employee>
    <DMSEmployeeNo>28</DMSEmployeeNo>
    <LastName>Clark</LastName>
    <MiddleName/>
    <FirstName>Megan</FirstName>
    <FullName>Megan Clark</FullName>
    <Salution>Mr</Salution>
    <Gender>M</Gender>
    <Language>RU</Language>
    <SkillsetString>Maintenance</SkillsetString>
    <Title>Clark</Title>
    <MobileNumber>+7(495)-377-37-75</MobileNumber>
    <PhoneNumber>+7(166)-775-37-37</PhoneNumber>
    <Email>MeganClark@wa.com</Email>
    <LoginID>AL</LoginID>
    <LoginPassword>b7aea05ac84d296afc2f35daec1541dda23ec7466ea0544d19270877e2a2c41a</LoginPassword>
    <EmployeeStatus>Work</EmployeeStatus>
    <Group>None</Group>
    <ManagementFields>
      <CreateDateTimeUTC>2015-05-30T21:35:25.607</CreateDateTimeUTC>
      <LastModifiedDateTimeUTC>2015-05-30T21:35:25.607</LastModifiedDateTimeUTC>
    </ManagementFields>
    <Roles>
      <Role>
        <RoleName>TC</RoleName>
        <RoleUserID>AL</RoleUserID>
      </Role>
      <Role>
        <RoleName>TA</RoleName>
        <RoleUserID>AL</RoleUserID>
      </Role>
    </Roles>
  </Employee>
  <Employee>
    <DMSEmployeeNo>29</DMSEmployeeNo>
    <LastName/>
    <MiddleName/>
    <FirstName>AH</FirstName>
    <FullName>AH</FullName>
    <Salution>Mr</Salution>
    <Gender>M</Gender>
    <Language>RU</Language>
    <SkillsetString>Maintenance</SkillsetString>
    <Title/>
    <MobileNumber>+7(495)-377-37-76</MobileNumber>
    <PhoneNumber>+7(166)-776-37-37</PhoneNumber>
    <Email>AH@wa.com</Email>
    <LoginID>AH</LoginID>
    <LoginPassword>52198b80bf68e8139a9be342771e2085d658d71ccc132fe04945ab902283a446</LoginPassword>
    <EmployeeStatus>Work</EmployeeStatus>
    <Group>None</Group>
    <ManagementFields>
      <CreateDateTimeUTC>2015-05-30T21:35:25.607</CreateDateTimeUTC>
      <LastModifiedDateTimeUTC>2015-05-30T21:35:25.607</LastModifiedDateTimeUTC>
    </ManagementFields>
    <Roles>
      <Role>
        <RoleName>TC</RoleName>
        <RoleUserID>AH</RoleUserID>
      </Role>
      <Role>
        <RoleName>TA</RoleName>
        <RoleUserID>AH</RoleUserID>
      </Role>
    </Roles>
  </Employee>
  <Employee>
    <DMSEmployeeNo>30</DMSEmployeeNo>
    <LastName/>
    <MiddleName/>
    <FirstName>radz</FirstName>
    <FullName>radz</FullName>
    <Salution>Mr</Salution>
    <Gender>M</Gender>
    <Language>RU</Language>
    <SkillsetString>Maintenance</SkillsetString>
    <Title/>
    <MobileNumber>+7(495)-377-37-77</MobileNumber>
    <PhoneNumber>+7(166)-777-37-37</PhoneNumber>
    <Email>radz@wa.com</Email>
    <LoginID>RZ</LoginID>
    <LoginPassword>ab050e5d09660cfa9a6e2c74eb4e239c84cf62ba660b70364d90e067dcff63d7</LoginPassword>
    <EmployeeStatus>Work</EmployeeStatus>
    <Group>None</Group>
    <ManagementFields>
      <CreateDateTimeUTC>2015-05-30T21:35:25.607</CreateDateTimeUTC>
      <LastModifiedDateTimeUTC>2015-05-30T21:35:25.607</LastModifiedDateTimeUTC>
    </ManagementFields>
    <Roles>
      <Role>
        <RoleName>TC</RoleName>
        <RoleUserID>RZ</RoleUserID>
      </Role>
      <Role>
        <RoleName>SA</RoleName>
        <RoleUserID>RZ</RoleUserID>
      </Role>
    </Roles>
  </Employee>
  <Employee>
    <DMSEmployeeNo>31</DMSEmployeeNo>
    <LastName/>
    <MiddleName/>
    <FirstName>108</FirstName>
    <FullName>108</FullName>
    <Salution>Mr</Salution>
    <Gender>M</Gender>
    <Language>RU</Language>
    <SkillsetString>Special</SkillsetString>
    <Title/>
    <MobileNumber>+7(495)-377-37-78</MobileNumber>
    <PhoneNumber>+7(166)-778-37-37</PhoneNumber>
    <Email>108@wa.com</Email>
    <LoginID>108</LoginID>
    <LoginPassword>9537f32ec7599e1ae953af6c9f929fe747ff9dadf79a9beff1f304c550173011</LoginPassword>
    <EmployeeStatus>Work</EmployeeStatus>
    <Group>None</Group>
    <ManagementFields>
      <CreateDateTimeUTC>2015-05-30T21:35:25.607</CreateDateTimeUTC>
      <LastModifiedDateTimeUTC>2015-05-30T21:35:25.607</LastModifiedDateTimeUTC>
    </ManagementFields>
    <Roles>
      <Role>
        <RoleName>SA</RoleName>
        <RoleUserID>108</RoleUserID>
      </Role>
    </Roles>
  </Employee>
  <Employee>
    <DMSEmployeeNo>32</DMSEmployeeNo>
    <LastName/>
    <MiddleName/>
    <FirstName>SH</FirstName>
    <FullName>SH</FullName>
    <Salution>Mr</Salution>
    <Gender>M</Gender>
    <Language>RU</Language>
    <SkillsetString>Special</SkillsetString>
    <Title/>
    <MobileNumber>+7(495)-377-37-79</MobileNumber>
    <PhoneNumber>+7(166)-779-37-37</PhoneNumber>
    <Email>SH@wa.com</Email>
    <LoginID>SH</LoginID>
    <LoginPassword>68d0766ae14980daddb49ef3d11191e6bc9bf22c5193df8fd5349177b37ed62f</LoginPassword>
    <EmployeeStatus>Work</EmployeeStatus>
    <Group>None</Group>
    <ManagementFields>
      <CreateDateTimeUTC>2015-05-30T21:35:25.607</CreateDateTimeUTC>
      <LastModifiedDateTimeUTC>2015-05-30T21:35:25.607</LastModifiedDateTimeUTC>
    </ManagementFields>
    <Roles>
      <Role>
        <RoleName>TC</RoleName>
        <RoleUserID>SH</RoleUserID>
      </Role>
    </Roles>
  </Employee>
  <Employee>
    <DMSEmployeeNo>33</DMSEmployeeNo>
    <LastName/>
    <MiddleName/>
    <FirstName>bb</FirstName>
    <FullName>bb</FullName>
    <Salution>Mr</Salution>
    <Gender>M</Gender>
    <Language>RU</Language>
    <SkillsetString>Maintenance</SkillsetString>
    <Title/>
    <MobileNumber>+7(495)-378-37-80</MobileNumber>
    <PhoneNumber>+7(166)-780-37-37</PhoneNumber>
    <Email>bb@wa.com</Email>
    <LoginID>BB</LoginID>
    <LoginPassword>3b64db95cb55c763391c707108489ae18b4112d783300de38e033b4c98c3deaf</LoginPassword>
    <EmployeeStatus>Work</EmployeeStatus>
    <Group>None</Group>
    <ManagementFields>
      <CreateDateTimeUTC>2015-05-30T21:35:25.607</CreateDateTimeUTC>
      <LastModifiedDateTimeUTC>2015-05-30T21:35:25.607</LastModifiedDateTimeUTC>
    </ManagementFields>
    <Roles>
      <Role>
        <RoleName>TC</RoleName>
        <RoleUserID>BB</RoleUserID>
      </Role>
    </Roles>
  </Employee>
  <Employee>
    <DMSEmployeeNo>34</DMSEmployeeNo>
    <LastName/>
    <MiddleName/>
    <FirstName>lhuang</FirstName>
    <FullName>Михаил Нестор</FullName>
    <Salution>Mr</Salution>
    <Gender>M</Gender>
    <Language>RU</Language>
    <SkillsetString>Maintenance</SkillsetString>
    <Title/>
    <MobileNumber>+7(495)-378-37-81</MobileNumber>
    <PhoneNumber>+7(166)-781-37-37</PhoneNumber>
    <Email>МихаилНестор@wa.com</Email>
    <LoginID>LH</LoginID>
    <LoginPassword>bfeac6626087646e5b8a2043ecc536f88338f71c9589da8a1fecec852c249454</LoginPassword>
    <EmployeeStatus>Work</EmployeeStatus>
    <Group>None</Group>
    <ManagementFields>
      <CreateDateTimeUTC>2015-05-30T21:35:25.607</CreateDateTimeUTC>
      <LastModifiedDateTimeUTC>2015-05-30T21:35:25.607</LastModifiedDateTimeUTC>
    </ManagementFields>
    <Roles>
      <Role>
        <RoleName>TC</RoleName>
        <RoleUserID>LH</RoleUserID>
      </Role>
    </Roles>
  </Employee>
  <Employee>
    <DMSEmployeeNo>35</DMSEmployeeNo>
    <LastName>Long</LastName>
    <MiddleName/>
    <FirstName>Rose</FirstName>
    <FullName>Илларион</FullName>
    <Salution>Mr</Salution>
    <Gender>M</Gender>
    <Language>RU</Language>
    <SkillsetString>Maintenance</SkillsetString>
    <Title>Long</Title>
    <MobileNumber>+7(495)-378-37-82</MobileNumber>
    <PhoneNumber>+7(166)-782-37-37</PhoneNumber>
    <Email>Илларион@wa.com</Email>
    <LoginID>45</LoginID>
    <LoginPassword>811786ad1ae74adfdd20dd0372abaaebc6246e343aebd01da0bfc4c02bf0106c</LoginPassword>
    <EmployeeStatus>Work</EmployeeStatus>
    <Group>None</Group>
    <ManagementFields>
      <CreateDateTimeUTC>2015-05-30T21:35:25.607</CreateDateTimeUTC>
      <LastModifiedDateTimeUTC>2015-05-30T21:35:25.607</LastModifiedDateTimeUTC>
    </ManagementFields>
    <Roles>
      <Role>
        <RoleName>TC</RoleName>
        <RoleUserID>45</RoleUserID>
      </Role>
    </Roles>
  </Employee>
  <Employee>
    <DMSEmployeeNo>36</DMSEmployeeNo>
    <LastName/>
    <MiddleName/>
    <FirstName>jg</FirstName>
    <FullName>Евгений</FullName>
    <Salution>Mr</Salution>
    <Gender>M</Gender>
    <Language>RU</Language>
    <SkillsetString>Maintenance</SkillsetString>
    <Title/>
    <MobileNumber>+7(495)-378-37-83</MobileNumber>
    <PhoneNumber>+7(166)-783-37-37</PhoneNumber>
    <Email>Евгений@wa.com</Email>
    <LoginID>JG</LoginID>
    <LoginPassword>f51aeff965a68e6abedade9e440808735677831677c7c4db564e5db54a083c93</LoginPassword>
    <EmployeeStatus>Work</EmployeeStatus>
    <Group>None</Group>
    <ManagementFields>
      <CreateDateTimeUTC>2015-05-30T21:35:25.607</CreateDateTimeUTC>
      <LastModifiedDateTimeUTC>2015-05-30T21:35:25.607</LastModifiedDateTimeUTC>
    </ManagementFields>
    <Roles>
      <Role>
        <RoleName>TC</RoleName>
        <RoleUserID>JG</RoleUserID>
      </Role>
      <Role>
        <RoleName>TA</RoleName>
        <RoleUserID>JG</RoleUserID>
      </Role>
    </Roles>
  </Employee>
  <Employee>
    <DMSEmployeeNo>37</DMSEmployeeNo>
    <LastName>HAC2</LastName>
    <MiddleName/>
    <FirstName>HAC2</FirstName>
    <FullName>Вадим</FullName>
    <Salution>Mr</Salution>
    <Gender>M</Gender>
    <Language>RU</Language>
    <SkillsetString>Maintenance</SkillsetString>
    <Title>HAC2</Title>
    <MobileNumber>+7(495)-378-37-84</MobileNumber>
    <PhoneNumber>+7(166)-784-37-37</PhoneNumber>
    <Email>Вадим@wa.com</Email>
    <LoginID>002</LoginID>
    <LoginPassword>e1e54571d70576c906ae58deeecadcef797415e74ed4315b49ab07bdc340838a</LoginPassword>
    <EmployeeStatus>Work</EmployeeStatus>
    <Group>None</Group>
    <ManagementFields>
      <CreateDateTimeUTC>2015-05-30T21:35:25.607</CreateDateTimeUTC>
      <LastModifiedDateTimeUTC>2015-05-30T21:35:25.607</LastModifiedDateTimeUTC>
    </ManagementFields>
    <Roles>
      <Role>
        <RoleName>SA</RoleName>
        <RoleUserID>002</RoleUserID>
      </Role>
    </Roles>
  </Employee>
  <Employee>
    <DMSEmployeeNo>38</DMSEmployeeNo>
    <LastName>Diaz</LastName>
    <MiddleName/>
    <FirstName>Charles</FirstName>
    <FullName>Станислав Ростислав</FullName>
    <Salution>Mr</Salution>
    <Gender>M</Gender>
    <Language>RU</Language>
    <SkillsetString>Maintenance</SkillsetString>
    <Title>Diaz</Title>
    <MobileNumber>+7(495)-378-37-85</MobileNumber>
    <PhoneNumber>+7(166)-785-37-37</PhoneNumber>
    <Email>СтаниславРостислав@wa.com</Email>
    <LoginID>RG</LoginID>
    <LoginPassword>03ac674216f3e15c761ee1a5e255f067953623c8b388b4459e13f978d7c846f4</LoginPassword>
    <EmployeeStatus>Work</EmployeeStatus>
    <Group>None</Group>
    <ManagementFields>
      <CreateDateTimeUTC>2015-05-30T21:35:25.607</CreateDateTimeUTC>
      <LastModifiedDateTimeUTC>2015-05-30T21:35:25.607</LastModifiedDateTimeUTC>
    </ManagementFields>
    <Roles>
      <Role>
        <RoleName>TC</RoleName>
        <RoleUserID>RG</RoleUserID>
      </Role>
    </Roles>
  </Employee>
  <Employee>
    <DMSEmployeeNo>39</DMSEmployeeNo>
    <LastName>HAC3</LastName>
    <MiddleName/>
    <FirstName>HAC3</FirstName>
    <FullName>Александр</FullName>
    <Salution>Mr</Salution>
    <Gender>M</Gender>
    <Language>RU</Language>
    <SkillsetString>Maintenance</SkillsetString>
    <Title>HAC3</Title>
    <MobileNumber>+7(495)-378-37-86</MobileNumber>
    <PhoneNumber>+7(166)-786-37-37</PhoneNumber>
    <Email>Александр@wa.com</Email>
    <LoginID>003</LoginID>
    <LoginPassword>78c5885f5c19f441881250570f6f5bc5fded9e45aacbb53577ba28a801721027</LoginPassword>
    <EmployeeStatus>Work</EmployeeStatus>
    <Group>None</Group>
    <ManagementFields>
      <CreateDateTimeUTC>2015-05-30T21:35:25.607</CreateDateTimeUTC>
      <LastModifiedDateTimeUTC>2015-05-30T21:35:25.607</LastModifiedDateTimeUTC>
    </ManagementFields>
    <Roles>
      <Role>
        <RoleName>SA</RoleName>
        <RoleUserID>003</RoleUserID>
      </Role>
    </Roles>
  </Employee>
  <Employee>
    <DMSEmployeeNo>40</DMSEmployeeNo>
    <LastName/>
    <MiddleName/>
    <FirstName>JB</FirstName>
    <FullName>Дмитрий</FullName>
    <Salution>Mr</Salution>
    <Gender>M</Gender>
    <Language>RU</Language>
    <SkillsetString>Maintenance</SkillsetString>
    <Title/>
    <MobileNumber>+7(495)-378-37-87</MobileNumber>
    <PhoneNumber>+7(166)-787-37-37</PhoneNumber>
    <Email>Дмитрий@wa.com</Email>
    <LoginID>JB</LoginID>
    <LoginPassword>235246ced61d92b7b7327fa64c014f906d62ba54c98d2c810309747e3eee1c67</LoginPassword>
    <EmployeeStatus>Work</EmployeeStatus>
    <Group>None</Group>
    <ManagementFields>
      <CreateDateTimeUTC>2015-05-30T21:35:25.607</CreateDateTimeUTC>
      <LastModifiedDateTimeUTC>2015-05-30T21:35:25.607</LastModifiedDateTimeUTC>
    </ManagementFields>
    <Roles>
      <Role>
        <RoleName>TC</RoleName>
        <RoleUserID>JB</RoleUserID>
      </Role>
    </Roles>
  </Employee>
  <Employee>
    <DMSEmployeeNo>41</DMSEmployeeNo>
    <LastName/>
    <MiddleName/>
    <FirstName>RL</FirstName>
    <FullName>Григорий</FullName>
    <Salution>Mr</Salution>
    <Gender>M</Gender>
    <Language>RU</Language>
    <SkillsetString>Special</SkillsetString>
    <Title/>
    <MobileNumber>+7(495)-378-37-88</MobileNumber>
    <PhoneNumber>+7(166)-788-37-37</PhoneNumber>
    <Email>Григорий@wa.com</Email>
    <LoginID>RL</LoginID>
    <LoginPassword>d980bc0c1e195f9f50c8ebdcf33b4f2247cf8b5d759c0df527fa197b3e40ed9f</LoginPassword>
    <EmployeeStatus>Work</EmployeeStatus>
    <Group>None</Group>
    <ManagementFields>
      <CreateDateTimeUTC>2015-05-30T21:35:25.607</CreateDateTimeUTC>
      <LastModifiedDateTimeUTC>2015-05-30T21:35:25.607</LastModifiedDateTimeUTC>
    </ManagementFields>
    <Roles>
      <Role>
        <RoleName>TC</RoleName>
        <RoleUserID>RL</RoleUserID>
      </Role>
    </Roles>
  </Employee>
  <Employee>
    <DMSEmployeeNo>42</DMSEmployeeNo>
    <LastName/>
    <MiddleName/>
    <FirstName>ga</FirstName>
    <FullName>Владислав</FullName>
    <Salution>Mr</Salution>
    <Gender>M</Gender>
    <Language>RU</Language>
    <SkillsetString>Special</SkillsetString>
    <Title/>
    <MobileNumber>+7(495)-378-37-89</MobileNumber>
    <PhoneNumber>+7(166)-789-37-37</PhoneNumber>
    <Email>Владислав@wa.com</Email>
    <LoginID>GA</LoginID>
    <LoginPassword>f52d63231eb0dbaac689ec9147e4b131fc95ef92d5bc78135b22934b36d76bf4</LoginPassword>
    <EmployeeStatus>Work</EmployeeStatus>
    <Group>None</Group>
    <ManagementFields>
      <CreateDateTimeUTC>2015-05-30T21:35:25.607</CreateDateTimeUTC>
      <LastModifiedDateTimeUTC>2015-05-30T21:35:25.607</LastModifiedDateTimeUTC>
    </ManagementFields>
    <Roles>
      <Role>
        <RoleName>TC</RoleName>
        <RoleUserID>GA</RoleUserID>
      </Role>
    </Roles>
  </Employee>
  <Employee>
    <DMSEmployeeNo>43</DMSEmployeeNo>
    <LastName/>
    <MiddleName/>
    <FirstName>KZ</FirstName>
    <FullName>Богдан</FullName>
    <Salution>Mr</Salution>
    <Gender>M</Gender>
    <Language>RU</Language>
    <SkillsetString>Maintenance</SkillsetString>
    <Title/>
    <MobileNumber>+7(495)-379-37-90</MobileNumber>
    <PhoneNumber>+7(166)-790-37-37</PhoneNumber>
    <Email>Богдан@wa.com</Email>
    <LoginID>KZ</LoginID>
    <LoginPassword>03ac674216f3e15c761ee1a5e255f067953623c8b388b4459e13f978d7c846f4</LoginPassword>
    <EmployeeStatus>Work</EmployeeStatus>
    <Group>None</Group>
    <ManagementFields>
      <CreateDateTimeUTC>2015-05-30T21:35:25.607</CreateDateTimeUTC>
      <LastModifiedDateTimeUTC>2015-05-30T21:35:25.607</LastModifiedDateTimeUTC>
    </ManagementFields>
    <Roles>
      <Role>
        <RoleName>TC</RoleName>
        <RoleUserID>KZ</RoleUserID>
      </Role>
    </Roles>
  </Employee>
  <Employee>
    <DMSEmployeeNo>44</DMSEmployeeNo>
    <LastName>Reed</LastName>
    <MiddleName/>
    <FirstName>Jack</FirstName>
    <FullName>Абрам</FullName>
    <Salution>Mr</Salution>
    <Gender>M</Gender>
    <Language>RU</Language>
    <SkillsetString>Maintenance</SkillsetString>
    <Title>Reed</Title>
    <MobileNumber>+7(495)-379-37-91</MobileNumber>
    <PhoneNumber>+7(166)-791-37-37</PhoneNumber>
    <Email>Абрам@wa.com</Email>
    <LoginID>27</LoginID>
    <LoginPassword>670671cd97404156226e507973f2ab8330d3022ca96e0c93bdbdb320c41adcaf</LoginPassword>
    <EmployeeStatus>Work</EmployeeStatus>
    <Group>None</Group>
    <ManagementFields>
      <CreateDateTimeUTC>2015-05-30T21:35:25.607</CreateDateTimeUTC>
      <LastModifiedDateTimeUTC>2015-05-30T21:35:25.607</LastModifiedDateTimeUTC>
    </ManagementFields>
    <Roles>
      <Role>
        <RoleName>TC</RoleName>
        <RoleUserID>27</RoleUserID>
      </Role>
    </Roles>
  </Employee>
</Employees>