﻿<Jobs>
  <Job>
    <DMSJobNo>6</DMSJobNo>
    <DMSRONo>12</DMSRONo>
    <DMSAppointmentNo>1</DMSAppointmentNo>
    <ServiceLineNumber>10</ServiceLineNumber>
    <EstimatedHours>6.8</EstimatedHours>
    <ActualHours>0</ActualHours>
    <SkillLevel>maintenance</SkillLevel>
    <ManagementFields>
      <CreateDateTimeUTC>2015-05-31T07:54:31.383</CreateDateTimeUTC>
      <LastModifiedDateTimeUTC>2015-06-17T00:00:00</LastModifiedDateTimeUTC>
    </ManagementFields>
    <Descriptions/>
    <Causes/>
    <Corrections/>
    <Comments/>
    <OPCodes>
      <OPCode>
        <Code>1</Code>
        <Description>10,0000KM SERVICE</Description>
        <EstimatedHours>5.58</EstimatedHours>
        <ActualHours>5.58</ActualHours>
        <SkillLevel>maintenance</SkillLevel>
        <Descriptions/>
        <Causes/>
        <Corrections/>
        <Comments/>
      </OPCode>
    </OPCodes>
    <JobLogs>
      <JobLog>
        <LogType>Plan</LogType>
        <Stall>1</Stall>
        <DMSJobStatus>Finish</DMSJobStatus>
        <EstimatedLaborHour>3.0</EstimatedLaborHour>
        <ScheduledDateTimeFromLocal>2015-06-03T18:10:11</ScheduledDateTimeFromLocal>
        <ScheduledDateTimeToLocal>2015-06-03T21:10:11</ScheduledDateTimeToLocal>
        <Technicians/>
        <ActualTimeLogs>
          <ActualTimeLog>
            <StartDateTimeLocal>2015-06-03T18:20:00</StartDateTimeLocal>
            <EndDateTimeLocal>0001-01-01T00:00:00</EndDateTimeLocal>
            <TCEmployeeID>1</TCEmployeeID>
            <TCEmployeeName>SN</TCEmployeeName>
            <Status>Start</Status>
            <PauseReasonCode></PauseReasonCode>
            <PauseReasonComment></PauseReasonComment>
            <JobComments/>
          </ActualTimeLog>
          <ActualTimeLog>
            <StartDateTimeLocal>0001-01-01T00:00:00</StartDateTimeLocal>
            <ScheduledDateTimeToLocal>2015-06-03T20:30:00</ScheduledDateTimeToLocal>
            <TCEmployeeID>1</TCEmployeeID>
            <TCEmployeeName>SN</TCEmployeeName>
            <Status>Finish</Status>
            <PauseReasonCode></PauseReasonCode>
            <PauseReasonComment></PauseReasonComment>
            <JobComments>
              <JobComment>
                <ActualWorkHour>2.5</ActualWorkHour>
                <SubStatus></SubStatus>
              </JobComment>
            </JobComments>
          </ActualTimeLog>
        </ActualTimeLogs>
      </JobLog>
    </JobLogs>
  </Job>
</Jobs>