﻿<Price>
  <PartsCampaignDiscountAmount>456178.13</PartsCampaignDiscountAmount>
  <LaborCampaignDiscountAmount>128741.18</LaborCampaignDiscountAmount>
  <TotalCampaignDiscountAmount>1231.00</TotalCampaignDiscountAmount>
  <TotalAmount>1878187</TotalAmount>
  <VATAmount>4035</VATAmount>
  <OPCodes>
    <OPCode>
      <Code>1</Code>
      <Description>10,0000KM SERVICE</Description>
      <DisplayPrice>S100000K</DisplayPrice>
      <DisplayOperationDescription>10,0000KM SERVICE</DisplayOperationDescription>
      <Make>Hyundai</Make>
      <Model>SONATA</Model>
      <Engine>2.5L I4 FI DO</Engine>
      <Year>2005</Year>
      <Mileage>100000</Mileage>
      <Period/>
      <DefLinePaymentMethod>Retail</DefLinePaymentMethod>
      <CorrectionLOP></CorrectionLOP>
      <SkillLevel></SkillLevel>
      <HazardMaterialCharge></HazardMaterialCharge>
      <EstimatedHours></EstimatedHours>
      <PredefinedCauseDescription></PredefinedCauseDescription>
      <CPSIND></CPSIND>
      <PriceType>
        <UnitPrice>370000</UnitPrice>
        <TotalPrice>370000</TotalPrice>
        <TotalPriceIncludeTax>444000</TotalPriceIncludeTax>
        <DiscountRate>0.19019</DiscountRate>
        <DiscountPrice>84444.36</DiscountPrice>
      </PriceType>
      <Parts>
        <Part>
          <Manufacturer>Mobis</Manufacturer>
          <PartNumber>C-4950026461</PartNumber>
          <PartDescription>CORE RECEIVED</PartDescription>
          <PartStatus>Enable</PartStatus>
          <PartType>Default</PartType>
          <QuantityOnHand>1</QuantityOnHand>
          <StockStatus>enable</StockStatus>
          <DisplayPartNumber>C-4950026461</DisplayPartNumber>
          <Remarks/>
          <UnitOfMeasure>ea</UnitOfMeasure>
          <StockQuantity>9</StockQuantity>
          <Quantity>0.9</Quantity>
          <ServiceType>Retail</ServiceType>
          <DisplayRemarks/>
          <PriceType>
            <UnitPrice>44.800000000000004</UnitPrice>
            <TotalPrice>40.320000000000007</TotalPrice>
            <TotalPriceIncludeTax>48.384000000000007</TotalPriceIncludeTax>
            <DiscountRate>0.019</DiscountRate>
            <DiscountPrice>0.91929600000000011</DiscountPrice>
          </PriceType>
        </Part>
        <Part>
          <Manufacturer>Mobis</Manufacturer>
          <PartNumber>411003A150</PartNumber>
          <PartDescription>DISC ASSY-</PartDescription>
          <PartStatus>Enable</PartStatus>
          <PartType>Default</PartType>
          <QuantityOnHand>1</QuantityOnHand>
          <StockStatus>enable</StockStatus>
          <DisplayPartNumber>411003A150</DisplayPartNumber>
          <Remarks/>
          <UnitOfMeasure>ea</UnitOfMeasure>
          <StockQuantity>19</StockQuantity>
          <Quantity>1.9</Quantity>
          <ServiceType>Retail</ServiceType>
          <DisplayRemarks/>
          <PriceType>
            <UnitPrice>44.800000000000004</UnitPrice>
            <TotalPrice>85.12</TotalPrice>
            <TotalPriceIncludeTax>102.144</TotalPriceIncludeTax>
            <DiscountRate>0.019</DiscountRate>
            <DiscountPrice>1.940736</DiscountPrice>
          </PriceType>
        </Part>
      </Parts>
    </OPCode>
    <OPCode>
      <Code>2</Code>
      <Description>20,0000KM SERVICE</Description>
      <DisplayPrice>S100000K</DisplayPrice>
      <DisplayOperationDescription>10,0000KM SERVICE</DisplayOperationDescription>
      <Make>Hyundai</Make>
      <Model>SONATA</Model>
      <Engine>2.5L I4 FI DO</Engine>
      <Year>2005</Year>
      <Mileage>200000</Mileage>
      <Period/>
      <DefLinePaymentMethod>Retail</DefLinePaymentMethod>
      <CorrectionLOP></CorrectionLOP>
      <SkillLevel></SkillLevel>
      <HazardMaterialCharge></HazardMaterialCharge>
      <EstimatedHours></EstimatedHours>
      <PredefinedCauseDescription></PredefinedCauseDescription>
      <CPSIND></CPSIND>
      <PriceType>
        <UnitPrice>125125</UnitPrice>
        <TotalPrice>2636236</TotalPrice>
        <TotalPriceIncludeTax>23626</TotalPriceIncludeTax>
        <DiscountRate>0.235</DiscountRate>
        <DiscountPrice>235236.36</DiscountPrice>
      </PriceType>
      <Parts>
        <Part>
          <Manufacturer>Mobis</Manufacturer>
          <PartNumber>C-32562</PartNumber>
          <PartDescription>CORE RECEIVED</PartDescription>
          <PartStatus>Enable</PartStatus>
          <PartType>Default</PartType>
          <QuantityOnHand>1</QuantityOnHand>
          <StockStatus>enable</StockStatus>
          <DisplayPartNumber>C-32562</DisplayPartNumber>
          <Remarks/>
          <UnitOfMeasure>ea</UnitOfMeasure>
          <StockQuantity>9</StockQuantity>
          <Quantity>0.9</Quantity>
          <ServiceType>Retail</ServiceType>
          <DisplayRemarks/>
          <PriceType>
            <UnitPrice>44.1151</UnitPrice>
            <TotalPrice>40.11</TotalPrice>
            <TotalPriceIncludeTax>48.1616</TotalPriceIncludeTax>
            <DiscountRate>0.019</DiscountRate>
            <DiscountPrice>0.161</DiscountPrice>
          </PriceType>
        </Part>
        <Part>
          <Manufacturer>Mobis</Manufacturer>
          <PartNumber>411003A150</PartNumber>
          <PartDescription>DISC ASSY-</PartDescription>
          <PartStatus>Enable</PartStatus>
          <PartType>Default</PartType>
          <QuantityOnHand>1</QuantityOnHand>
          <StockStatus>enable</StockStatus>
          <DisplayPartNumber>411003A150</DisplayPartNumber>
          <Remarks/>
          <UnitOfMeasure>ea</UnitOfMeasure>
          <StockQuantity>19</StockQuantity>
          <Quantity>1.9</Quantity>
          <ServiceType>Retail</ServiceType>
          <DisplayRemarks/>
          <PriceType>
            <UnitPrice>44.800000000000004</UnitPrice>
            <TotalPrice>85.12</TotalPrice>
            <TotalPriceIncludeTax>102.144</TotalPriceIncludeTax>
            <DiscountRate>0.019</DiscountRate>
            <DiscountPrice>1.940736</DiscountPrice>
          </PriceType>
        </Part>
      </Parts>
    </OPCode>
  </OPCodes>
</Price>